,Iteration,glazing_ratio,wall_u_value,window_u_value,window_sghc,infiltration_rate,chiller_cop,indoor_temp_set_point,equipment_load_density,lighting_load_density,occupancy_density,simulation_result
0,1,0.2833333333333333,0.9125,2.8,0.56,1.1666666666666667,4.0,23.333333333333332,5.833333333333333,7.5,60.0,27.541666666666668
1,2,0.2833333333333333,0.9125,2.8,0.56,1.1666666666666667,4.0,23.333333333333332,5.833333333333333,7.5,60.0,27.639880952380953
2,3,0.2833333333333333,0.9125,2.8,0.56,1.1666666666666667,4.0,23.333333333333332,5.833333333333333,7.5,36.66666666666667,27.640476190476193
3,4,0.2833333333333333,0.9125,2.8,0.56,1.1666666666666667,4.0,23.333333333333332,5.833333333333333,7.5,36.66666666666667,27.640476190476193
4,5,0.2833333333333333,0.9125,2.8,0.56,1.1666666666666667,4.0,23.333333333333332,5.833333333333333,7.5,36.66666666666667,27.664285714285718
5,6,0.2833333333333333,0.9125,2.8,0.56,1.1666666666666667,4.0,23.333333333333332,5.833333333333333,7.5,36.66666666666667,27.664285714285718
6,7,0.2833333333333333,0.9125,2.8,0.56,1.1666666666666667,4.0,23.333333333333332,5.833333333333333,7.5,36.66666666666667,27.664285714285718
7,8,0.2833333333333333,0.9125,2.8,0.56,1.1666666666666667,4.0,23.333333333333332,5.833333333333333,7.5,36.66666666666667,27.666666666666668
8,9,0.2833333333333333,0.9125,2.8,0.56,1.1666666666666667,4.0,23.333333333333332,5.833333333333333,7.5,36.66666666666667,27.63154761904762
9,10,0.2833333333333333,0.9125,2.8,0.56,1.1666666666666667,3.066666666666667,23.333333333333332,5.833333333333333,7.5,36.66666666666667,27.635714285714286
10,11,0.2833333333333333,0.9125,2.8,0.56,1.1666666666666667,3.066666666666667,23.333333333333332,2.5,7.5,36.66666666666667,27.632142857142856
11,12,0.2833333333333333,0.9125,2.8,0.56,1.1666666666666667,3.066666666666667,23.333333333333332,2.5,7.5,36.66666666666667,27.63154761904762
12,13,0.2833333333333333,0.9125,2.8,0.56,1.1666666666666667,3.066666666666667,23.333333333333332,2.5,7.5,36.66666666666667,27.629761904761907
13,14,0.2833333333333333,0.9125,1.5333333333333334,0.56,1.1666666666666667,3.066666666666667,23.333333333333332,2.5,7.5,36.66666666666667,27.63035714285714
14,15,0.05,0.9125,1.5333333333333334,0.56,1.1666666666666667,3.066666666666667,23.333333333333332,2.5,7.5,36.66666666666667,27.614285714285717
15,16,0.05,0.9125,1.5333333333333334,0.56,1.1666666666666667,3.066666666666667,23.333333333333332,2.5,4.166666666666667,36.66666666666667,27.60892857142857
16,17,0.05,0.9125,1.5333333333333334,0.56,1.1666666666666667,3.066666666666667,18.0,2.5,4.166666666666667,36.66666666666667,27.637500000000003
17,18,0.05,0.9125,1.5333333333333334,0.56,1.1666666666666667,3.066666666666667,18.0,2.5,4.166666666666667,36.66666666666667,27.639880952380956
18,19,0.05,0.9125,1.5333333333333334,0.56,1.5,3.066666666666667,18.0,2.5,4.166666666666667,36.66666666666667,27.643452380952382
19,20,0.05,0.9125,1.5333333333333334,0.4466666666666667,1.5,3.066666666666667,18.0,2.5,4.166666666666667,36.66666666666667,27.643452380952382
20,21,0.05,0.9125,1.5333333333333334,0.4466666666666667,1.5,3.066666666666667,18.0,2.5,4.166666666666667,36.66666666666667,27.643452380952382
21,22,0.05,0.9125,1.5333333333333334,0.4466666666666667,1.5,3.066666666666667,18.0,2.5,4.166666666666667,36.66666666666667,27.760119047619053
22,23,0.05,5.1708333333333325,1.5333333333333334,0.4466666666666667,1.5,3.066666666666667,18.0,2.5,4.166666666666667,36.66666666666667,27.594642857142855
23,24,0.05,5.1708333333333325,1.5333333333333334,0.4466666666666667,1.5,3.066666666666667,18.0,2.5,4.166666666666667,36.66666666666667,27.586904761904766
24,25,0.05,5.1708333333333325,1.5333333333333334,0.4466666666666667,1.5,3.066666666666667,18.0,2.5,4.166666666666667,36.66666666666667,27.68511904761905
25,26,0.05,5.1708333333333325,1.5333333333333334,0.4466666666666667,1.5,3.066666666666667,18.0,2.5,4.166666666666667,36.66666666666667,27.720238095238095
26,27,0.05,5.1708333333333325,1.5333333333333334,0.4466666666666667,1.5,3.066666666666667,18.0,2.5,4.166666666666667,36.66666666666667,27.717857142857145
27,28,0.4,5.1708333333333325,2.8,0.5033333333333334,1.1666666666666667,2.6,20.666666666666668,7.5,7.5,60.0,27.640476190476193
28,29,0.4,5.1708333333333325,2.8,0.5033333333333334,1.1666666666666667,2.6,20.666666666666668,7.5,7.5,60.0,27.53988095238095
29,30,0.4,5.1708333333333325,2.8,0.5033333333333334,1.1666666666666667,2.6,20.666666666666668,7.5,7.5,60.0,27.541666666666668
30,31,0.4,5.1708333333333325,2.8,0.5033333333333334,1.1666666666666667,2.6,20.666666666666668,7.5,7.5,60.0,27.537499999999994
31,32,0.4,5.1708333333333325,2.8,0.5033333333333334,1.1666666666666667,2.6,20.666666666666668,7.5,7.5,60.0,27.537499999999994
32,33,0.4,5.1708333333333325,2.8,0.5033333333333334,1.1666666666666667,2.6,20.666666666666668,7.5,7.5,60.0,27.373214285714283
33,34,0.4,5.1708333333333325,2.8,0.5033333333333334,1.1666666666666667,2.6,20.666666666666668,7.5,4.166666666666667,60.0,27.351190476190474
34,35,0.4,5.1708333333333325,2.8,0.5033333333333334,1.1666666666666667,2.6,20.666666666666668,7.5,4.166666666666667,60.0,27.35297619047619
35,36,0.4,5.1708333333333325,2.8,0.5033333333333334,1.1666666666666667,2.6,20.666666666666668,7.5,4.166666666666667,60.0,27.35297619047619
36,37,0.4,5.1708333333333325,2.8,0.5033333333333334,1.1666666666666667,2.6,20.666666666666668,7.5,4.166666666666667,36.66666666666667,27.35535714285714
37,38,0.16666666666666669,5.1708333333333325,2.8,0.5033333333333334,1.1666666666666667,2.6,20.666666666666668,7.5,4.166666666666667,36.66666666666667,27.051785714285714
38,39,0.16666666666666669,5.1708333333333325,2.8,0.39,1.1666666666666667,2.6,20.666666666666668,7.5,4.166666666666667,36.66666666666667,27.055952380952384
39,40,0.16666666666666669,5.1708333333333325,1.5333333333333334,0.39,1.1666666666666667,2.6,20.666666666666668,7.5,4.166666666666667,36.66666666666667,27.075595238095236
40,41,0.16666666666666669,5.1708333333333325,1.5333333333333334,0.39,1.1666666666666667,2.6,20.666666666666668,7.5,4.166666666666667,36.66666666666667,27.075595238095236
41,42,0.16666666666666669,5.1708333333333325,1.5333333333333334,0.39,1.1666666666666667,2.6,20.666666666666668,7.5,4.166666666666667,36.66666666666667,27.098214285714285
42,43,0.16666666666666669,5.1708333333333325,1.5333333333333334,0.39,1.1666666666666667,2.6,20.666666666666668,7.5,4.166666666666667,36.66666666666667,27.241071428571427
43,44,0.16666666666666669,0.9125,1.5333333333333334,0.39,1.1666666666666667,2.6,20.666666666666668,7.5,4.166666666666667,36.66666666666667,27.513095238095236
44,45,0.16666666666666669,0.9125,1.5333333333333334,0.39,1.1666666666666667,3.533333333333333,20.666666666666668,7.5,4.166666666666667,36.66666666666667,27.49940476190476
45,46,0.16666666666666669,0.9125,1.5333333333333334,0.39,1.1666666666666667,3.533333333333333,20.666666666666668,7.5,4.166666666666667,36.66666666666667,27.51607142857143
46,47,0.16666666666666669,0.9125,1.5333333333333334,0.39,1.1666666666666667,3.533333333333333,20.666666666666668,7.5,4.166666666666667,36.66666666666667,27.508928571428573
47,48,0.16666666666666669,0.9125,1.5333333333333334,0.39,1.1666666666666667,3.533333333333333,20.666666666666668,7.5,4.166666666666667,36.66666666666667,27.507738095238096
48,49,0.16666666666666669,0.9125,1.5333333333333334,0.39,1.1666666666666667,3.533333333333333,20.666666666666668,7.5,4.166666666666667,36.66666666666667,27.504166666666666
49,50,0.16666666666666669,0.9125,1.5333333333333334,0.39,1.1666666666666667,3.533333333333333,26.0,7.5,4.166666666666667,36.66666666666667,27.461309523809526
50,51,0.16666666666666669,0.9125,1.5333333333333334,0.39,1.5,3.533333333333333,26.0,7.5,4.166666666666667,36.66666666666667,27.461904761904766
51,52,0.16666666666666669,0.9125,1.5333333333333334,0.39,1.5,3.533333333333333,26.0,7.5,4.166666666666667,36.66666666666667,27.477976190476188
52,53,0.16666666666666669,0.9125,1.5333333333333334,0.39,1.5,3.533333333333333,26.0,7.5,4.166666666666667,36.66666666666667,27.510119047619053
53,54,0.16666666666666669,0.9125,1.5333333333333334,0.39,1.5,3.533333333333333,26.0,4.166666666666667,4.166666666666667,36.66666666666667,27.478571428571428
54,55,0.4,5.1708333333333325,0.9,0.39,1.5,4.0,26.0,5.833333333333333,5.833333333333333,36.66666666666667,28.135714285714283
55,56,0.4,5.1708333333333325,0.9,0.39,1.5,4.0,26.0,5.833333333333333,5.833333333333333,36.66666666666667,28.157142857142855
56,57,0.4,5.1708333333333325,0.9,0.39,1.5,4.0,26.0,5.833333333333333,5.833333333333333,36.66666666666667,28.135714285714286
57,58,0.4,5.1708333333333325,0.9,0.39,1.1666666666666667,4.0,26.0,5.833333333333333,5.833333333333333,36.66666666666667,28.12797619047619
58,59,0.4,5.1708333333333325,2.1666666666666665,0.39,1.1666666666666667,4.0,26.0,5.833333333333333,5.833333333333333,36.66666666666667,28.129761904761907
59,60,0.4,0.9125,2.1666666666666665,0.39,1.1666666666666667,4.0,26.0,5.833333333333333,5.833333333333333,36.66666666666667,28.572023809523813
60,61,0.4,0.9125,2.1666666666666665,0.39,1.1666666666666667,4.0,26.0,5.833333333333333,5.833333333333333,36.66666666666667,28.5625
61,62,0.4,0.9125,2.1666666666666665,0.39,1.1666666666666667,4.0,26.0,5.833333333333333,5.833333333333333,36.66666666666667,28.48273809523809
62,63,0.4,0.9125,2.1666666666666665,0.39,1.1666666666666667,4.0,26.0,5.833333333333333,5.833333333333333,36.66666666666667,28.48273809523809
63,64,0.4,0.9125,2.1666666666666665,0.5033333333333334,1.1666666666666667,4.0,26.0,5.833333333333333,5.833333333333333,36.66666666666667,28.473214285714285
64,65,0.4,0.9125,2.1666666666666665,0.5033333333333334,1.1666666666666667,4.0,26.0,5.833333333333333,5.833333333333333,36.66666666666667,27.697023809523813
65,66,0.4,0.9125,2.1666666666666665,0.5033333333333334,1.1666666666666667,4.0,26.0,5.833333333333333,5.833333333333333,60.0,27.692261904761907
66,67,0.4,0.9125,2.1666666666666665,0.5033333333333334,1.1666666666666667,4.0,26.0,5.833333333333333,5.833333333333333,60.0,27.69285714285714
67,68,0.4,0.9125,2.1666666666666665,0.5033333333333334,1.1666666666666667,4.0,26.0,5.833333333333333,5.833333333333333,60.0,27.697619047619046
68,69,0.4,0.9125,2.1666666666666665,0.5033333333333334,1.1666666666666667,4.0,26.0,5.833333333333333,5.833333333333333,60.0,27.702976190476193
69,70,0.4,0.9125,2.1666666666666665,0.5033333333333334,1.1666666666666667,4.0,26.0,5.833333333333333,5.833333333333333,60.0,27.702976190476193
70,71,0.4,0.9125,2.1666666666666665,0.5033333333333334,1.1666666666666667,3.066666666666667,26.0,5.833333333333333,5.833333333333333,60.0,27.708333333333332
71,72,0.16666666666666669,0.9125,2.1666666666666665,0.5033333333333334,1.1666666666666667,3.066666666666667,26.0,5.833333333333333,5.833333333333333,60.0,27.66488095238096
72,73,0.16666666666666669,0.9125,2.1666666666666665,0.5033333333333334,1.1666666666666667,3.066666666666667,26.0,5.833333333333333,5.833333333333333,60.0,27.576785714285712
73,74,0.16666666666666669,0.9125,2.1666666666666665,0.5033333333333334,1.1666666666666667,3.066666666666667,26.0,5.833333333333333,5.833333333333333,60.0,27.530952380952385
74,75,0.16666666666666669,0.9125,2.1666666666666665,0.5033333333333334,1.1666666666666667,3.066666666666667,26.0,5.833333333333333,5.833333333333333,60.0,27.554166666666664
75,76,0.16666666666666669,0.9125,2.1666666666666665,0.5033333333333334,1.1666666666666667,3.066666666666667,20.666666666666668,5.833333333333333,5.833333333333333,60.0,27.53392857142857
76,77,0.16666666666666669,0.9125,2.1666666666666665,0.5033333333333334,1.1666666666666667,3.066666666666667,20.666666666666668,5.833333333333333,2.5,60.0,27.520833333333332
77,78,0.16666666666666669,0.9125,2.1666666666666665,0.5033333333333334,1.1666666666666667,3.066666666666667,20.666666666666668,5.833333333333333,2.5,60.0,27.501190476190477
78,79,0.16666666666666669,0.9125,2.1666666666666665,0.5033333333333334,1.1666666666666667,3.066666666666667,20.666666666666668,5.833333333333333,2.5,60.0,27.511904761904763
79,80,0.16666666666666669,0.9125,2.1666666666666665,0.5033333333333334,1.1666666666666667,3.066666666666667,20.666666666666668,5.833333333333333,2.5,60.0,27.508928571428573
80,81,0.16666666666666669,0.9125,2.1666666666666665,0.5033333333333334,1.1666666666666667,3.066666666666667,20.666666666666668,2.5,2.5,60.0,27.49404761904762
81,82,0.16666666666666669,5.1708333333333325,2.8,0.4466666666666667,1.0,4.0,23.333333333333332,2.5,5.833333333333333,60.0,27.407142857142855
82,83,0.16666666666666669,5.1708333333333325,2.8,0.4466666666666667,1.0,4.0,23.333333333333332,2.5,5.833333333333333,60.0,27.401785714285715
83,84,0.16666666666666669,5.1708333333333325,2.8,0.4466666666666667,1.3333333333333333,4.0,23.333333333333332,2.5,5.833333333333333,60.0,27.406547619047622
84,85,0.16666666666666669,5.1708333333333325,2.8,0.4466666666666667,1.3333333333333333,4.0,23.333333333333332,2.5,5.833333333333333,60.0,27.421428571428578
85,86,0.16666666666666669,5.1708333333333325,2.8,0.4466666666666667,1.3333333333333333,4.0,23.333333333333332,2.5,2.5,60.0,27.407142857142855
86,87,0.16666666666666669,5.1708333333333325,2.8,0.4466666666666667,1.3333333333333333,4.0,23.333333333333332,2.5,2.5,60.0,27.482142857142858
87,88,0.16666666666666669,5.1708333333333325,2.8,0.4466666666666667,1.3333333333333333,4.0,23.333333333333332,2.5,2.5,60.0,27.48095238095238
88,89,0.16666666666666669,5.1708333333333325,2.8,0.56,1.3333333333333333,4.0,23.333333333333332,2.5,2.5,60.0,27.48095238095238
89,90,0.16666666666666669,5.1708333333333325,2.8,0.56,1.3333333333333333,4.0,23.333333333333332,2.5,2.5,60.0,27.47380952380952
90,91,0.16666666666666669,5.1708333333333325,2.8,0.56,1.3333333333333333,4.0,23.333333333333332,2.5,2.5,60.0,27.47380952380952
91,92,0.16666666666666669,5.1708333333333325,2.8,0.56,1.3333333333333333,4.0,18.0,2.5,2.5,60.0,27.580952380952382
92,93,0.16666666666666669,5.1708333333333325,2.8,0.56,1.3333333333333333,4.0,18.0,2.5,2.5,60.0,27.582738095238092
93,94,0.16666666666666669,5.1708333333333325,2.8,0.56,1.3333333333333333,4.0,18.0,2.5,2.5,60.0,27.58214285714286
94,95,0.16666666666666669,5.1708333333333325,2.8,0.56,1.3333333333333333,4.0,18.0,2.5,2.5,60.0,27.395238095238092
95,96,0.16666666666666669,5.1708333333333325,2.8,0.56,1.3333333333333333,4.0,18.0,2.5,2.5,60.0,27.425595238095237
96,97,0.16666666666666669,5.1708333333333325,2.8,0.56,1.3333333333333333,4.0,18.0,5.833333333333333,2.5,60.0,27.43452380952381
97,98,0.16666666666666669,5.1708333333333325,2.8,0.56,1.3333333333333333,4.0,18.0,5.833333333333333,2.5,60.0,27.43452380952381
98,99,0.16666666666666669,5.1708333333333325,2.8,0.56,1.3333333333333333,4.0,18.0,5.833333333333333,2.5,60.0,27.43214285714286
99,100,0.16666666666666669,5.1708333333333325,2.8,0.56,1.3333333333333333,4.0,18.0,5.833333333333333,2.5,60.0,27.35595238095238
100,101,0.16666666666666669,0.9125,2.8,0.56,1.3333333333333333,4.0,18.0,5.833333333333333,2.5,60.0,27.58988095238095
101,102,0.16666666666666669,0.9125,2.8,0.56,1.3333333333333333,4.0,18.0,5.833333333333333,2.5,36.66666666666667,27.590476190476185
102,103,0.16666666666666669,0.9125,2.8,0.56,1.3333333333333333,4.0,18.0,5.833333333333333,2.5,36.66666666666667,27.590476190476185
103,104,0.16666666666666669,0.9125,2.8,0.56,1.3333333333333333,4.0,18.0,5.833333333333333,2.5,36.66666666666667,27.510119047619046
104,105,0.4,0.9125,2.8,0.56,1.3333333333333333,4.0,18.0,5.833333333333333,2.5,36.66666666666667,27.479166666666668
105,106,0.4,0.9125,1.5333333333333334,0.56,1.3333333333333333,4.0,18.0,5.833333333333333,2.5,36.66666666666667,27.513690476190476
106,107,0.4,0.9125,1.5333333333333334,0.56,1.3333333333333333,3.066666666666667,18.0,5.833333333333333,2.5,36.66666666666667,27.519047619047623
107,108,0.4,0.9125,1.5333333333333334,0.56,1.3333333333333333,3.066666666666667,18.0,5.833333333333333,2.5,36.66666666666667,27.551190476190477
108,109,0.16666666666666669,0.9125,1.5333333333333334,0.4466666666666667,1.1666666666666667,3.533333333333333,18.0,2.5,7.5,25.0,27.523809523809526
109,110,0.16666666666666669,0.9125,1.5333333333333334,0.4466666666666667,1.1666666666666667,3.533333333333333,18.0,2.5,7.5,48.33333333333333,27.522023809523812
110,111,0.16666666666666669,0.9125,1.5333333333333334,0.4466666666666667,1.1666666666666667,3.533333333333333,18.0,2.5,7.5,48.33333333333333,27.616071428571427
111,112,0.16666666666666669,0.9125,1.5333333333333334,0.4466666666666667,1.1666666666666667,3.533333333333333,18.0,2.5,7.5,48.33333333333333,27.607142857142858
112,113,0.16666666666666669,0.9125,1.5333333333333334,0.4466666666666667,1.1666666666666667,3.533333333333333,18.0,2.5,4.166666666666667,48.33333333333333,27.602976190476188
113,114,0.16666666666666669,5.1708333333333325,1.5333333333333334,0.4466666666666667,1.1666666666666667,3.533333333333333,18.0,2.5,4.166666666666667,48.33333333333333,27.44107142857143
114,115,0.16666666666666669,5.1708333333333325,1.5333333333333334,0.4466666666666667,1.1666666666666667,3.533333333333333,18.0,5.833333333333333,4.166666666666667,48.33333333333333,27.447619047619053
115,116,0.4,5.1708333333333325,1.5333333333333334,0.4466666666666667,1.1666666666666667,3.533333333333333,18.0,5.833333333333333,4.166666666666667,48.33333333333333,27.491666666666667
116,117,0.4,5.1708333333333325,1.5333333333333334,0.4466666666666667,1.1666666666666667,3.533333333333333,18.0,5.833333333333333,4.166666666666667,48.33333333333333,27.490476190476187
117,118,0.4,5.1708333333333325,1.5333333333333334,0.4466666666666667,1.1666666666666667,3.533333333333333,18.0,5.833333333333333,4.166666666666667,48.33333333333333,27.611904761904764
118,119,0.4,5.1708333333333325,1.5333333333333334,0.4466666666666667,1.1666666666666667,3.533333333333333,18.0,5.833333333333333,4.166666666666667,48.33333333333333,27.609523809523807
119,120,0.4,5.1708333333333325,1.5333333333333334,0.56,1.1666666666666667,3.533333333333333,18.0,5.833333333333333,4.166666666666667,48.33333333333333,27.611904761904764
120,121,0.4,5.1708333333333325,1.5333333333333334,0.56,1.1666666666666667,3.533333333333333,18.0,5.833333333333333,4.166666666666667,48.33333333333333,27.612500000000004
121,122,0.4,5.1708333333333325,2.8,0.56,1.1666666666666667,3.533333333333333,18.0,5.833333333333333,4.166666666666667,48.33333333333333,27.62202380952381
122,123,0.4,5.1708333333333325,2.8,0.56,1.1666666666666667,3.533333333333333,18.0,5.833333333333333,4.166666666666667,48.33333333333333,27.62916666666667
123,124,0.4,5.1708333333333325,2.8,0.56,1.1666666666666667,3.533333333333333,18.0,5.833333333333333,4.166666666666667,48.33333333333333,27.79345238095238
124,125,0.4,5.1708333333333325,2.8,0.56,1.5,3.533333333333333,18.0,5.833333333333333,4.166666666666667,48.33333333333333,27.807738095238093
125,126,0.4,5.1708333333333325,2.8,0.56,1.5,3.533333333333333,18.0,5.833333333333333,4.166666666666667,48.33333333333333,27.802380952380947
126,127,0.4,5.1708333333333325,2.8,0.56,1.5,3.533333333333333,18.0,5.833333333333333,4.166666666666667,48.33333333333333,27.822619047619046
127,128,0.4,5.1708333333333325,2.8,0.56,1.5,3.533333333333333,23.333333333333332,5.833333333333333,4.166666666666667,48.33333333333333,27.60654761904762
128,129,0.4,5.1708333333333325,2.8,0.56,1.5,3.533333333333333,23.333333333333332,5.833333333333333,4.166666666666667,48.33333333333333,27.60654761904762
129,130,0.4,5.1708333333333325,2.8,0.56,1.5,3.533333333333333,23.333333333333332,5.833333333333333,4.166666666666667,48.33333333333333,27.606547619047618
130,131,0.4,5.1708333333333325,2.8,0.56,1.5,3.533333333333333,23.333333333333332,5.833333333333333,4.166666666666667,48.33333333333333,27.60595238095238
131,132,0.4,5.1708333333333325,2.8,0.56,1.5,3.533333333333333,23.333333333333332,5.833333333333333,4.166666666666667,48.33333333333333,27.751785714285717
132,133,0.4,5.1708333333333325,2.8,0.56,1.5,2.6,23.333333333333332,5.833333333333333,4.166666666666667,48.33333333333333,27.79583333333333
133,134,0.4,5.1708333333333325,2.8,0.56,1.5,2.6,23.333333333333332,5.833333333333333,4.166666666666667,48.33333333333333,27.79583333333333
134,135,0.4,5.1708333333333325,2.8,0.56,1.5,2.6,23.333333333333332,5.833333333333333,4.166666666666667,48.33333333333333,27.79642857142857
135,136,0.4,0.9125,2.8,0.4466666666666667,1.0,4.0,20.666666666666668,5.833333333333333,4.166666666666667,25.0,27.741071428571427
136,137,0.4,0.9125,2.8,0.4466666666666667,1.0,4.0,20.666666666666668,5.833333333333333,4.166666666666667,25.0,27.739880952380947
137,138,0.4,0.9125,2.8,0.4466666666666667,1.0,4.0,20.666666666666668,5.833333333333333,4.166666666666667,25.0,27.74880952380952
138,139,0.4,0.9125,2.8,0.4466666666666667,1.0,4.0,20.666666666666668,5.833333333333333,4.166666666666667,25.0,28.905357142857145
139,140,0.4,0.9125,2.8,0.4466666666666667,1.0,4.0,20.666666666666668,5.833333333333333,4.166666666666667,48.33333333333333,28.89166666666667
140,141,0.4,0.9125,2.8,0.4466666666666667,1.3333333333333333,4.0,20.666666666666668,5.833333333333333,4.166666666666667,48.33333333333333,28.913095238095234
141,142,0.4,0.9125,2.8,0.4466666666666667,1.3333333333333333,4.0,20.666666666666668,5.833333333333333,4.166666666666667,48.33333333333333,28.905952380952385
142,143,0.4,0.9125,2.8,0.4466666666666667,1.3333333333333333,4.0,20.666666666666668,5.833333333333333,4.166666666666667,48.33333333333333,28.905952380952385
143,144,0.4,0.9125,2.8,0.4466666666666667,1.3333333333333333,4.0,20.666666666666668,2.5,4.166666666666667,48.33333333333333,28.817261904761907
144,145,0.16666666666666669,0.9125,2.8,0.4466666666666667,1.3333333333333333,4.0,20.666666666666668,2.5,4.166666666666667,48.33333333333333,28.677976190476194
145,146,0.16666666666666669,0.9125,2.8,0.4466666666666667,1.3333333333333333,4.0,20.666666666666668,2.5,4.166666666666667,48.33333333333333,28.692261904761907
146,147,0.16666666666666669,0.9125,2.8,0.4466666666666667,1.3333333333333333,4.0,20.666666666666668,2.5,4.166666666666667,48.33333333333333,28.692261904761907
147,148,0.16666666666666669,5.1708333333333325,2.8,0.4466666666666667,1.3333333333333333,4.0,20.666666666666668,2.5,4.166666666666667,48.33333333333333,28.14702380952381
148,149,0.16666666666666669,5.1708333333333325,2.8,0.4466666666666667,1.3333333333333333,4.0,26.0,2.5,4.166666666666667,48.33333333333333,27.79345238095238
149,150,0.16666666666666669,5.1708333333333325,2.8,0.4466666666666667,1.3333333333333333,4.0,26.0,2.5,4.166666666666667,48.33333333333333,27.572023809523813
150,151,0.16666666666666669,5.1708333333333325,2.8,0.4466666666666667,1.3333333333333333,4.0,26.0,2.5,4.166666666666667,48.33333333333333,27.572619047619046
151,152,0.16666666666666669,5.1708333333333325,2.8,0.56,1.3333333333333333,4.0,26.0,2.5,4.166666666666667,48.33333333333333,27.55952380952381
152,153,0.16666666666666669,5.1708333333333325,2.8,0.56,1.3333333333333333,3.066666666666667,26.0,2.5,4.166666666666667,48.33333333333333,27.56190476190476
153,154,0.16666666666666669,5.1708333333333325,2.8,0.56,1.3333333333333333,3.066666666666667,26.0,2.5,4.166666666666667,48.33333333333333,27.467857142857145
154,155,0.16666666666666669,5.1708333333333325,2.8,0.56,1.3333333333333333,3.066666666666667,26.0,2.5,4.166666666666667,48.33333333333333,27.001190476190477
155,156,0.16666666666666669,5.1708333333333325,2.8,0.56,1.3333333333333333,3.066666666666667,26.0,2.5,4.166666666666667,48.33333333333333,27.047023809523814
156,157,0.16666666666666669,5.1708333333333325,2.8,0.56,1.3333333333333333,3.066666666666667,26.0,2.5,4.166666666666667,48.33333333333333,27.047619047619047
157,158,0.16666666666666669,5.1708333333333325,2.8,0.56,1.3333333333333333,3.066666666666667,26.0,2.5,4.166666666666667,48.33333333333333,27.04345238095238
158,159,0.16666666666666669,5.1708333333333325,2.8,0.56,1.3333333333333333,3.066666666666667,26.0,2.5,4.166666666666667,48.33333333333333,27.053571428571427
159,160,0.16666666666666669,5.1708333333333325,2.8,0.56,1.3333333333333333,3.066666666666667,26.0,2.5,7.5,48.33333333333333,27.06309523809524
160,161,0.16666666666666669,5.1708333333333325,2.8,0.56,1.3333333333333333,3.066666666666667,26.0,2.5,7.5,48.33333333333333,27.0577380952381
161,162,0.16666666666666669,5.1708333333333325,1.5333333333333334,0.56,1.3333333333333333,3.066666666666667,26.0,2.5,7.5,48.33333333333333,27.06666666666667
162,163,0.16666666666666669,7.3,2.1666666666666665,0.5033333333333334,1.3333333333333333,2.6,23.333333333333332,4.166666666666667,4.166666666666667,36.66666666666667,27.196428571428573
163,164,0.16666666666666669,7.3,2.1666666666666665,0.5033333333333334,1.3333333333333333,2.6,23.333333333333332,4.166666666666667,4.166666666666667,36.66666666666667,27.18809523809524
164,165,0.16666666666666669,7.3,2.1666666666666665,0.5033333333333334,1.3333333333333333,2.6,23.333333333333332,4.166666666666667,4.166666666666667,36.66666666666667,27.141071428571433
165,166,0.16666666666666669,7.3,2.1666666666666665,0.5033333333333334,1.3333333333333333,2.6,23.333333333333332,4.166666666666667,4.166666666666667,36.66666666666667,27.141071428571433
166,167,0.16666666666666669,3.041666666666667,2.1666666666666665,0.5033333333333334,1.3333333333333333,2.6,23.333333333333332,4.166666666666667,4.166666666666667,36.66666666666667,27.270833333333332
167,168,0.16666666666666669,3.041666666666667,2.1666666666666665,0.5033333333333334,1.3333333333333333,3.533333333333333,23.333333333333332,4.166666666666667,4.166666666666667,36.66666666666667,27.267857142857142
168,169,0.16666666666666669,3.041666666666667,2.1666666666666665,0.5033333333333334,1.3333333333333333,3.533333333333333,23.333333333333332,7.5,4.166666666666667,36.66666666666667,27.282738095238095
169,170,0.16666666666666669,3.041666666666667,2.1666666666666665,0.5033333333333334,1.3333333333333333,3.533333333333333,23.333333333333332,7.5,4.166666666666667,36.66666666666667,27.27797619047619
170,171,0.16666666666666669,3.041666666666667,2.1666666666666665,0.5033333333333334,1.3333333333333333,3.533333333333333,23.333333333333332,7.5,7.5,36.66666666666667,27.286904761904765
171,172,0.16666666666666669,3.041666666666667,2.1666666666666665,0.5033333333333334,1.3333333333333333,3.533333333333333,23.333333333333332,7.5,7.5,36.66666666666667,27.305952380952384
172,173,0.16666666666666669,3.041666666666667,2.1666666666666665,0.5033333333333334,1.3333333333333333,3.533333333333333,23.333333333333332,7.5,7.5,36.66666666666667,27.305952380952384
173,174,0.16666666666666669,3.041666666666667,2.1666666666666665,0.5033333333333334,1.3333333333333333,3.533333333333333,23.333333333333332,7.5,7.5,36.66666666666667,27.280952380952378
174,175,0.16666666666666669,3.041666666666667,2.1666666666666665,0.5033333333333334,1.3333333333333333,3.533333333333333,23.333333333333332,7.5,7.5,36.66666666666667,27.279761904761905
175,176,0.4,3.041666666666667,2.1666666666666665,0.5033333333333334,1.3333333333333333,3.533333333333333,23.333333333333332,7.5,7.5,36.66666666666667,27.342261904761905
176,177,0.4,3.041666666666667,2.1666666666666665,0.5033333333333334,1.3333333333333333,3.533333333333333,23.333333333333332,7.5,7.5,36.66666666666667,27.335714285714282
177,178,0.4,3.041666666666667,2.1666666666666665,0.5033333333333334,1.3333333333333333,3.533333333333333,23.333333333333332,7.5,7.5,36.66666666666667,27.336309523809526
178,179,0.4,3.041666666666667,2.1666666666666665,0.5033333333333334,1.0,3.533333333333333,23.333333333333332,7.5,7.5,36.66666666666667,27.351785714285718
179,180,0.4,3.041666666666667,2.1666666666666665,0.5033333333333334,1.0,3.533333333333333,23.333333333333332,7.5,7.5,36.66666666666667,27.48392857142857
180,181,0.4,3.041666666666667,2.1666666666666665,0.5033333333333334,1.0,3.533333333333333,23.333333333333332,7.5,7.5,36.66666666666667,27.57857142857143
181,182,0.4,3.041666666666667,2.1666666666666665,0.5033333333333334,1.0,3.533333333333333,23.333333333333332,7.5,7.5,36.66666666666667,27.579166666666662
182,183,0.4,3.041666666666667,2.1666666666666665,0.39,1.0,3.533333333333333,23.333333333333332,7.5,7.5,36.66666666666667,27.59107142857143
183,184,0.4,3.041666666666667,2.1666666666666665,0.39,1.0,3.533333333333333,18.0,7.5,7.5,36.66666666666667,27.530357142857145
184,185,0.4,3.041666666666667,2.1666666666666665,0.39,1.0,3.533333333333333,18.0,7.5,7.5,36.66666666666667,27.530357142857145
185,186,0.4,3.041666666666667,2.1666666666666665,0.39,1.0,3.533333333333333,18.0,7.5,7.5,36.66666666666667,27.553571428571427
186,187,0.4,3.041666666666667,2.1666666666666665,0.39,1.0,3.533333333333333,18.0,7.5,7.5,60.0,27.550595238095237
187,188,0.4,3.041666666666667,0.9,0.39,1.0,3.533333333333333,18.0,7.5,7.5,60.0,27.573214285714293
188,189,0.4,3.041666666666667,0.9,0.39,1.0,3.533333333333333,18.0,7.5,7.5,60.0,27.573214285714293
189,190,0.4,7.3,1.5333333333333334,0.5033333333333334,1.3333333333333333,3.533333333333333,23.333333333333332,5.833333333333333,5.833333333333333,60.0,27.39702380952381
190,191,0.4,7.3,1.5333333333333334,0.5033333333333334,1.3333333333333333,3.533333333333333,23.333333333333332,5.833333333333333,5.833333333333333,60.0,27.448214285714286
191,192,0.4,7.3,1.5333333333333334,0.5033333333333334,1.0,3.533333333333333,23.333333333333332,5.833333333333333,5.833333333333333,60.0,27.445238095238096
192,193,0.4,7.3,1.5333333333333334,0.5033333333333334,1.0,3.533333333333333,23.333333333333332,5.833333333333333,5.833333333333333,60.0,27.444047619047616
193,194,0.4,7.3,1.5333333333333334,0.5033333333333334,1.0,3.533333333333333,23.333333333333332,5.833333333333333,5.833333333333333,60.0,27.582738095238092
194,195,0.4,7.3,1.5333333333333334,0.5033333333333334,1.0,3.533333333333333,23.333333333333332,5.833333333333333,5.833333333333333,60.0,27.574404761904763
195,196,0.4,7.3,1.5333333333333334,0.5033333333333334,1.0,3.533333333333333,23.333333333333332,5.833333333333333,5.833333333333333,60.0,27.59166666666667
196,197,0.4,7.3,1.5333333333333334,0.5033333333333334,1.0,2.6,23.333333333333332,5.833333333333333,5.833333333333333,60.0,27.614285714285714
197,198,0.4,7.3,1.5333333333333334,0.5033333333333334,1.0,2.6,23.333333333333332,5.833333333333333,5.833333333333333,36.66666666666667,27.617857142857144
198,199,0.4,7.3,1.5333333333333334,0.5033333333333334,1.0,2.6,23.333333333333332,5.833333333333333,5.833333333333333,36.66666666666667,27.508928571428573
199,200,0.4,7.3,1.5333333333333334,0.5033333333333334,1.0,2.6,23.333333333333332,5.833333333333333,5.833333333333333,36.66666666666667,27.501785714285717
200,201,0.4,3.041666666666667,1.5333333333333334,0.5033333333333334,1.0,2.6,23.333333333333332,5.833333333333333,5.833333333333333,36.66666666666667,27.643452380952382
201,202,0.4,3.041666666666667,1.5333333333333334,0.5033333333333334,1.0,2.6,23.333333333333332,5.833333333333333,2.5,36.66666666666667,27.62142857142857
202,203,0.4,3.041666666666667,1.5333333333333334,0.5033333333333334,1.0,2.6,23.333333333333332,5.833333333333333,2.5,36.66666666666667,27.62261904761905
203,204,0.4,3.041666666666667,1.5333333333333334,0.5033333333333334,1.0,2.6,23.333333333333332,5.833333333333333,2.5,36.66666666666667,27.613690476190477
204,205,0.4,3.041666666666667,1.5333333333333334,0.5033333333333334,1.0,2.6,23.333333333333332,5.833333333333333,2.5,36.66666666666667,27.410119047619045
205,206,0.4,3.041666666666667,1.5333333333333334,0.5033333333333334,1.0,2.6,23.333333333333332,5.833333333333333,2.5,36.66666666666667,27.41190476190476
206,207,0.4,3.041666666666667,1.5333333333333334,0.5033333333333334,1.0,2.6,23.333333333333332,2.5,2.5,36.66666666666667,27.398809523809526
207,208,0.16666666666666669,3.041666666666667,1.5333333333333334,0.5033333333333334,1.0,2.6,23.333333333333332,2.5,2.5,36.66666666666667,27.325595238095243
208,209,0.16666666666666669,3.041666666666667,1.5333333333333334,0.39,1.0,2.6,23.333333333333332,2.5,2.5,36.66666666666667,27.332738095238092
209,210,0.16666666666666669,3.041666666666667,1.5333333333333334,0.39,1.0,2.6,18.0,2.5,2.5,36.66666666666667,27.332738095238092
210,211,0.16666666666666669,3.041666666666667,2.8,0.39,1.0,2.6,18.0,2.5,2.5,36.66666666666667,27.316666666666666
211,212,0.16666666666666669,3.041666666666667,2.8,0.39,1.0,2.6,18.0,2.5,2.5,36.66666666666667,27.316666666666666
212,213,0.16666666666666669,3.041666666666667,2.8,0.39,1.0,2.6,18.0,2.5,2.5,36.66666666666667,27.316666666666666
213,214,0.16666666666666669,3.041666666666667,2.8,0.39,1.0,2.6,18.0,2.5,2.5,36.66666666666667,27.316666666666666
214,215,0.16666666666666669,3.041666666666667,2.8,0.39,1.0,2.6,18.0,2.5,2.5,36.66666666666667,27.319642857142856
215,216,0.16666666666666669,3.041666666666667,2.8,0.39,1.0,2.6,18.0,2.5,2.5,36.66666666666667,27.407738095238095
216,217,0.2833333333333333,3.041666666666667,1.5333333333333334,0.4466666666666667,1.1666666666666667,2.6,18.0,4.166666666666667,2.5,36.66666666666667,27.226190476190474
217,218,0.2833333333333333,3.041666666666667,1.5333333333333334,0.4466666666666667,1.1666666666666667,2.6,18.0,4.166666666666667,2.5,36.66666666666667,27.372023809523814
218,219,0.2833333333333333,3.041666666666667,1.5333333333333334,0.4466666666666667,1.1666666666666667,2.6,18.0,4.166666666666667,2.5,36.66666666666667,27.372023809523814
219,220,0.2833333333333333,3.041666666666667,1.5333333333333334,0.4466666666666667,1.1666666666666667,2.6,18.0,4.166666666666667,2.5,36.66666666666667,27.456547619047623
220,221,0.2833333333333333,3.041666666666667,1.5333333333333334,0.4466666666666667,1.1666666666666667,2.6,18.0,4.166666666666667,2.5,36.66666666666667,27.459523809523812
221,222,0.2833333333333333,3.041666666666667,1.5333333333333334,0.4466666666666667,1.1666666666666667,2.6,18.0,4.166666666666667,2.5,36.66666666666667,27.458928571428572
222,223,0.2833333333333333,3.041666666666667,1.5333333333333334,0.4466666666666667,1.1666666666666667,2.6,18.0,4.166666666666667,2.5,36.66666666666667,27.447619047619053
223,224,0.2833333333333333,7.3,1.5333333333333334,0.4466666666666667,1.1666666666666667,2.6,18.0,4.166666666666667,2.5,36.66666666666667,27.336309523809526
224,225,0.2833333333333333,7.3,2.8,0.4466666666666667,1.1666666666666667,2.6,18.0,4.166666666666667,2.5,36.66666666666667,27.31547619047619
225,226,0.2833333333333333,7.3,2.8,0.4466666666666667,1.1666666666666667,2.6,18.0,4.166666666666667,2.5,36.66666666666667,27.31547619047619
226,227,0.2833333333333333,7.3,2.8,0.4466666666666667,1.1666666666666667,2.6,18.0,4.166666666666667,2.5,36.66666666666667,27.31369047619048
227,228,0.2833333333333333,7.3,2.8,0.4466666666666667,1.1666666666666667,2.6,18.0,4.166666666666667,2.5,60.0,27.31369047619048
228,229,0.2833333333333333,7.3,2.8,0.4466666666666667,1.1666666666666667,2.6,23.333333333333332,4.166666666666667,2.5,60.0,27.323809523809526
229,230,0.2833333333333333,7.3,2.8,0.4466666666666667,1.5,2.6,23.333333333333332,4.166666666666667,2.5,60.0,27.320833333333336
230,231,0.2833333333333333,7.3,2.8,0.4466666666666667,1.5,2.6,23.333333333333332,4.166666666666667,2.5,60.0,27.31309523809524
231,232,0.2833333333333333,7.3,2.8,0.4466666666666667,1.5,3.533333333333333,23.333333333333332,4.166666666666667,2.5,60.0,27.30714285714286
232,233,0.05,7.3,2.8,0.4466666666666667,1.5,3.533333333333333,23.333333333333332,4.166666666666667,2.5,60.0,27.223809523809525
233,234,0.05,7.3,2.8,0.4466666666666667,1.5,3.533333333333333,23.333333333333332,4.166666666666667,2.5,60.0,27.223809523809525
234,235,0.05,7.3,2.8,0.4466666666666667,1.5,3.533333333333333,23.333333333333332,4.166666666666667,2.5,60.0,27.355357142857148
235,236,0.05,7.3,2.8,0.4466666666666667,1.5,3.533333333333333,23.333333333333332,4.166666666666667,2.5,60.0,27.41547619047619
236,237,0.05,7.3,2.8,0.4466666666666667,1.5,3.533333333333333,23.333333333333332,4.166666666666667,2.5,60.0,27.41547619047619
237,238,0.05,7.3,2.8,0.4466666666666667,1.5,3.533333333333333,23.333333333333332,4.166666666666667,2.5,60.0,27.41547619047619
238,239,0.05,7.3,2.8,0.4466666666666667,1.5,3.533333333333333,23.333333333333332,4.166666666666667,2.5,60.0,27.408333333333335
239,240,0.05,7.3,2.8,0.4466666666666667,1.5,3.533333333333333,23.333333333333332,4.166666666666667,2.5,60.0,27.427976190476187
240,241,0.05,7.3,2.8,0.4466666666666667,1.5,3.533333333333333,23.333333333333332,7.5,2.5,60.0,27.466666666666665
241,242,0.05,7.3,2.8,0.4466666666666667,1.5,3.533333333333333,23.333333333333332,7.5,5.833333333333333,60.0,27.485119047619055
242,243,0.05,7.3,2.8,0.56,1.5,3.533333333333333,23.333333333333332,7.5,5.833333333333333,60.0,27.485119047619055
243,244,0.05,7.3,2.8,0.5033333333333334,1.3333333333333333,4.0,23.333333333333332,4.166666666666667,5.833333333333333,48.33333333333333,27.38154761904762
244,245,0.05,7.3,2.8,0.5033333333333334,1.3333333333333333,4.0,23.333333333333332,4.166666666666667,5.833333333333333,48.33333333333333,27.282142857142855
245,246,0.05,7.3,2.8,0.5033333333333334,1.3333333333333333,4.0,23.333333333333332,4.166666666666667,5.833333333333333,48.33333333333333,27.282142857142855
246,247,0.05,7.3,2.8,0.5033333333333334,1.3333333333333333,4.0,23.333333333333332,4.166666666666667,5.833333333333333,48.33333333333333,27.26607142857143
247,248,0.05,7.3,2.8,0.5033333333333334,1.3333333333333333,4.0,23.333333333333332,4.166666666666667,5.833333333333333,25.0,27.270833333333332
248,249,0.05,7.3,2.8,0.5033333333333334,1.3333333333333333,4.0,23.333333333333332,4.166666666666667,5.833333333333333,25.0,27.277380952380955
249,250,0.2833333333333333,7.3,2.8,0.5033333333333334,1.3333333333333333,4.0,23.333333333333332,4.166666666666667,5.833333333333333,25.0,27.33809523809524
250,251,0.2833333333333333,7.3,2.8,0.5033333333333334,1.3333333333333333,4.0,23.333333333333332,4.166666666666667,5.833333333333333,25.0,27.329761904761902
251,252,0.2833333333333333,7.3,2.8,0.5033333333333334,1.3333333333333333,4.0,18.0,4.166666666666667,5.833333333333333,25.0,27.40892857142857
252,253,0.2833333333333333,7.3,2.8,0.5033333333333334,1.3333333333333333,4.0,18.0,4.166666666666667,5.833333333333333,25.0,27.365476190476187
253,254,0.2833333333333333,7.3,2.8,0.5033333333333334,1.3333333333333333,4.0,18.0,4.166666666666667,2.5,25.0,27.354761904761908
254,255,0.2833333333333333,7.3,2.8,0.5033333333333334,1.0,4.0,18.0,4.166666666666667,2.5,25.0,27.351190476190474
255,256,0.2833333333333333,7.3,2.8,0.5033333333333334,1.0,4.0,18.0,4.166666666666667,2.5,25.0,27.351190476190474
256,257,0.2833333333333333,3.041666666666667,2.8,0.5033333333333334,1.0,4.0,18.0,4.166666666666667,2.5,25.0,27.427380952380954
257,258,0.2833333333333333,3.041666666666667,2.8,0.5033333333333334,1.0,4.0,18.0,4.166666666666667,2.5,25.0,27.427380952380954
258,259,0.2833333333333333,3.041666666666667,2.8,0.5033333333333334,1.0,4.0,18.0,4.166666666666667,2.5,25.0,27.424404761904764
259,260,0.2833333333333333,3.041666666666667,2.8,0.5033333333333334,1.0,4.0,18.0,4.166666666666667,2.5,25.0,27.419642857142858
260,261,0.2833333333333333,3.041666666666667,2.8,0.39,1.0,4.0,18.0,4.166666666666667,2.5,25.0,27.42142857142857
261,262,0.2833333333333333,3.041666666666667,2.8,0.39,1.0,4.0,18.0,4.166666666666667,2.5,25.0,27.411309523809525
262,263,0.2833333333333333,3.041666666666667,2.8,0.39,1.0,4.0,18.0,4.166666666666667,2.5,25.0,27.392261904761902
263,264,0.2833333333333333,3.041666666666667,2.8,0.39,1.0,4.0,18.0,4.166666666666667,2.5,25.0,27.3702380952381
264,265,0.2833333333333333,3.041666666666667,2.8,0.39,1.0,4.0,18.0,4.166666666666667,2.5,25.0,27.367857142857144
265,266,0.2833333333333333,3.041666666666667,2.8,0.39,1.0,3.066666666666667,18.0,4.166666666666667,2.5,25.0,27.3797619047619
266,267,0.2833333333333333,3.041666666666667,1.5333333333333334,0.39,1.0,3.066666666666667,18.0,4.166666666666667,2.5,25.0,27.385119047619046
267,268,0.2833333333333333,3.041666666666667,1.5333333333333334,0.39,1.0,3.066666666666667,18.0,7.5,2.5,25.0,27.41190476190476
268,269,0.2833333333333333,3.041666666666667,1.5333333333333334,0.39,1.0,3.066666666666667,18.0,7.5,2.5,25.0,27.737499999999997
269,270,0.2833333333333333,3.041666666666667,1.5333333333333334,0.39,1.0,3.066666666666667,18.0,7.5,2.5,25.0,27.861309523809524
270,271,0.4,7.3,1.5333333333333334,0.56,1.3333333333333333,3.066666666666667,20.666666666666668,7.5,2.5,25.0,28.25297619047619
271,272,0.4,7.3,1.5333333333333334,0.56,1.3333333333333333,3.066666666666667,20.666666666666668,7.5,2.5,25.0,28.25238095238095
272,273,0.4,7.3,1.5333333333333334,0.56,1.3333333333333333,3.066666666666667,20.666666666666668,7.5,2.5,25.0,28.25119047619048
273,274,0.4,7.3,1.5333333333333334,0.56,1.3333333333333333,3.066666666666667,20.666666666666668,7.5,2.5,25.0,28.25654761904762
274,275,0.4,7.3,1.5333333333333334,0.56,1.3333333333333333,3.066666666666667,20.666666666666668,7.5,2.5,25.0,28.265476190476193
275,276,0.4,7.3,1.5333333333333334,0.56,1.3333333333333333,3.066666666666667,20.666666666666668,7.5,2.5,25.0,28.032738095238095
276,277,0.4,7.3,2.8,0.56,1.3333333333333333,3.066666666666667,20.666666666666668,7.5,2.5,25.0,28.016071428571433
277,278,0.4,7.3,2.8,0.56,1.3333333333333333,3.066666666666667,20.666666666666668,7.5,2.5,25.0,28.08214285714286
278,279,0.4,7.3,2.8,0.56,1.3333333333333333,3.066666666666667,26.0,7.5,2.5,25.0,27.560714285714283
279,280,0.4,7.3,2.8,0.56,1.3333333333333333,3.066666666666667,26.0,7.5,2.5,25.0,27.563690476190477
280,281,0.4,7.3,2.8,0.56,1.3333333333333333,3.066666666666667,26.0,7.5,2.5,25.0,27.563690476190477
281,282,0.4,7.3,2.8,0.56,1.3333333333333333,3.066666666666667,26.0,7.5,2.5,25.0,27.43095238095238
282,283,0.4,7.3,2.8,0.56,1.3333333333333333,3.066666666666667,26.0,7.5,2.5,25.0,27.382142857142856
283,284,0.4,7.3,2.8,0.56,1.0,3.066666666666667,26.0,7.5,2.5,25.0,27.37738095238095
284,285,0.4,7.3,2.8,0.56,1.0,3.066666666666667,26.0,7.5,2.5,25.0,27.37738095238095
285,286,0.4,7.3,2.8,0.4466666666666667,1.0,3.066666666666667,26.0,7.5,2.5,25.0,27.37738095238095
286,287,0.4,7.3,2.8,0.4466666666666667,1.0,3.066666666666667,26.0,7.5,2.5,25.0,27.197023809523813
287,288,0.4,7.3,2.8,0.4466666666666667,1.0,3.066666666666667,26.0,7.5,2.5,48.33333333333333,27.195833333333333
288,289,0.4,7.3,2.8,0.4466666666666667,1.0,3.066666666666667,26.0,7.5,2.5,48.33333333333333,27.195833333333333
289,290,0.4,7.3,2.8,0.4466666666666667,1.0,3.066666666666667,26.0,7.5,2.5,48.33333333333333,27.212500000000006
290,291,0.4,3.041666666666667,2.8,0.4466666666666667,1.0,3.066666666666667,26.0,7.5,2.5,48.33333333333333,27.344642857142855
291,292,0.4,3.041666666666667,2.8,0.4466666666666667,1.0,3.066666666666667,26.0,7.5,2.5,48.33333333333333,27.285714285714285
292,293,0.16666666666666669,3.041666666666667,2.8,0.4466666666666667,1.0,3.066666666666667,26.0,7.5,2.5,48.33333333333333,27.229761904761908
293,294,0.16666666666666669,3.041666666666667,2.8,0.4466666666666667,1.0,3.066666666666667,26.0,7.5,2.5,48.33333333333333,27.229761904761908
294,295,0.16666666666666669,3.041666666666667,2.8,0.4466666666666667,1.0,4.0,26.0,7.5,2.5,48.33333333333333,27.22857142857143
295,296,0.16666666666666669,3.041666666666667,2.8,0.4466666666666667,1.0,4.0,26.0,7.5,5.833333333333333,48.33333333333333,27.233333333333338
296,297,0.16666666666666669,3.041666666666667,2.8,0.4466666666666667,1.0,4.0,26.0,4.166666666666667,5.833333333333333,48.33333333333333,27.223214285714285
297,298,0.05,3.041666666666667,0.9,0.39,1.3333333333333333,2.6,26.0,4.166666666666667,2.5,48.33333333333333,27.072619047619053
298,299,0.05,3.041666666666667,0.9,0.39,1.3333333333333333,3.533333333333333,26.0,4.166666666666667,2.5,48.33333333333333,27.072023809523813
299,300,0.05,3.041666666666667,0.9,0.39,1.3333333333333333,3.533333333333333,26.0,4.166666666666667,2.5,48.33333333333333,27.06845238095238
300,301,0.05,3.041666666666667,0.9,0.39,1.3333333333333333,3.533333333333333,26.0,4.166666666666667,2.5,48.33333333333333,27.072023809523813
301,302,0.05,3.041666666666667,0.9,0.39,1.3333333333333333,3.533333333333333,20.666666666666668,4.166666666666667,2.5,48.33333333333333,26.99464285714286
302,303,0.05,3.041666666666667,0.9,0.39,1.3333333333333333,3.533333333333333,20.666666666666668,4.166666666666667,2.5,48.33333333333333,27.02440476190476
303,304,0.05,3.041666666666667,0.9,0.39,1.3333333333333333,3.533333333333333,20.666666666666668,4.166666666666667,2.5,48.33333333333333,27.822023809523813
304,305,0.05,3.041666666666667,0.9,0.39,1.3333333333333333,3.533333333333333,20.666666666666668,4.166666666666667,2.5,48.33333333333333,27.822023809523813
305,306,0.05,3.041666666666667,0.9,0.39,1.3333333333333333,3.533333333333333,20.666666666666668,4.166666666666667,2.5,48.33333333333333,27.81845238095238
306,307,0.05,3.041666666666667,0.9,0.39,1.3333333333333333,3.533333333333333,20.666666666666668,4.166666666666667,2.5,48.33333333333333,27.824404761904763
307,308,0.05,3.041666666666667,0.9,0.5033333333333334,1.3333333333333333,3.533333333333333,20.666666666666668,4.166666666666667,2.5,48.33333333333333,27.824404761904763
308,309,0.05,7.3,0.9,0.5033333333333334,1.3333333333333333,3.533333333333333,20.666666666666668,4.166666666666667,2.5,48.33333333333333,27.291071428571428
309,310,0.05,7.3,0.9,0.5033333333333334,1.0,3.533333333333333,20.666666666666668,4.166666666666667,2.5,48.33333333333333,27.259523809523806
310,311,0.05,7.3,0.9,0.5033333333333334,1.0,3.533333333333333,20.666666666666668,4.166666666666667,2.5,48.33333333333333,27.14464285714286
311,312,0.05,7.3,0.9,0.5033333333333334,1.0,3.533333333333333,20.666666666666668,4.166666666666667,2.5,48.33333333333333,27.226190476190474
312,313,0.05,7.3,0.9,0.5033333333333334,1.0,3.533333333333333,20.666666666666668,4.166666666666667,2.5,48.33333333333333,27.220833333333335
313,314,0.2833333333333333,7.3,0.9,0.5033333333333334,1.0,3.533333333333333,20.666666666666668,4.166666666666667,2.5,48.33333333333333,27.298809523809528
314,315,0.2833333333333333,7.3,0.9,0.5033333333333334,1.0,3.533333333333333,20.666666666666668,4.166666666666667,2.5,48.33333333333333,27.298809523809528
315,316,0.2833333333333333,7.3,0.9,0.5033333333333334,1.0,3.533333333333333,20.666666666666668,4.166666666666667,2.5,48.33333333333333,27.347619047619045
316,317,0.2833333333333333,7.3,0.9,0.5033333333333334,1.0,3.533333333333333,20.666666666666668,4.166666666666667,2.5,25.0,27.35595238095238
317,318,0.2833333333333333,7.3,0.9,0.5033333333333334,1.0,3.533333333333333,20.666666666666668,4.166666666666667,2.5,25.0,27.536309523809525
318,319,0.2833333333333333,7.3,2.1666666666666665,0.5033333333333334,1.0,3.533333333333333,20.666666666666668,4.166666666666667,2.5,25.0,27.535714285714285
319,320,0.2833333333333333,7.3,2.1666666666666665,0.5033333333333334,1.0,3.533333333333333,20.666666666666668,4.166666666666667,5.833333333333333,25.0,27.548809523809524
320,321,0.2833333333333333,7.3,2.1666666666666665,0.5033333333333334,1.0,3.533333333333333,20.666666666666668,4.166666666666667,5.833333333333333,25.0,27.545238095238098
321,322,0.2833333333333333,7.3,2.1666666666666665,0.5033333333333334,1.0,3.533333333333333,20.666666666666668,4.166666666666667,5.833333333333333,25.0,27.54345238095238
322,323,0.2833333333333333,7.3,2.1666666666666665,0.5033333333333334,1.0,3.533333333333333,20.666666666666668,4.166666666666667,5.833333333333333,25.0,27.54345238095238
323,324,0.2833333333333333,7.3,2.1666666666666665,0.5033333333333334,1.0,3.533333333333333,20.666666666666668,7.5,5.833333333333333,25.0,27.56309523809524
324,325,0.05,7.3,2.8,0.56,1.1666666666666667,2.6,18.0,2.5,2.5,25.0,26.55952380952381
325,326,0.05,7.3,2.8,0.56,1.1666666666666667,2.6,18.0,2.5,2.5,25.0,26.551785714285714
326,327,0.05,7.3,2.8,0.56,1.1666666666666667,2.6,18.0,2.5,2.5,25.0,26.524404761904766
327,328,0.05,7.3,2.8,0.56,1.1666666666666667,2.6,18.0,2.5,2.5,48.33333333333333,26.521428571428572
328,329,0.05,7.3,2.8,0.56,1.1666666666666667,2.6,18.0,2.5,2.5,48.33333333333333,26.75297619047619
329,330,0.05,7.3,2.8,0.56,1.1666666666666667,2.6,18.0,2.5,2.5,48.33333333333333,26.75297619047619
330,331,0.05,7.3,2.8,0.56,1.1666666666666667,2.6,18.0,5.833333333333333,2.5,48.33333333333333,26.767857142857142
331,332,0.05,7.3,2.8,0.56,1.1666666666666667,2.6,23.333333333333332,5.833333333333333,2.5,48.33333333333333,26.805357142857144
332,333,0.05,7.3,2.8,0.56,1.1666666666666667,2.6,23.333333333333332,5.833333333333333,2.5,48.33333333333333,26.805357142857144
333,334,0.05,7.3,2.8,0.56,1.5,2.6,23.333333333333332,5.833333333333333,2.5,48.33333333333333,26.789285714285718
334,335,0.05,7.3,2.8,0.56,1.5,2.6,23.333333333333332,5.833333333333333,2.5,48.33333333333333,27.273809523809526
335,336,0.05,7.3,2.8,0.56,1.5,2.6,23.333333333333332,5.833333333333333,2.5,48.33333333333333,27.3375
336,337,0.05,7.3,2.8,0.56,1.5,2.6,23.333333333333332,5.833333333333333,2.5,48.33333333333333,27.335714285714282
337,338,0.05,7.3,2.8,0.56,1.5,2.6,23.333333333333332,5.833333333333333,5.833333333333333,48.33333333333333,27.348214285714285
338,339,0.05,7.3,2.8,0.56,1.5,2.6,23.333333333333332,5.833333333333333,5.833333333333333,48.33333333333333,27.348214285714285
339,340,0.05,7.3,2.8,0.56,1.5,2.6,23.333333333333332,5.833333333333333,5.833333333333333,48.33333333333333,27.347619047619045
340,341,0.05,7.3,2.8,0.4466666666666667,1.5,2.6,23.333333333333332,5.833333333333333,5.833333333333333,48.33333333333333,27.347619047619045
341,342,0.05,7.3,2.8,0.4466666666666667,1.5,2.6,23.333333333333332,5.833333333333333,5.833333333333333,48.33333333333333,27.47261904761905
342,343,0.2833333333333333,7.3,2.8,0.4466666666666667,1.5,2.6,23.333333333333332,5.833333333333333,5.833333333333333,48.33333333333333,27.533333333333335
343,344,0.2833333333333333,7.3,2.8,0.4466666666666667,1.5,2.6,23.333333333333332,5.833333333333333,5.833333333333333,48.33333333333333,27.53392857142857
344,345,0.2833333333333333,7.3,2.8,0.4466666666666667,1.5,3.533333333333333,23.333333333333332,5.833333333333333,5.833333333333333,48.33333333333333,27.520833333333332
345,346,0.2833333333333333,7.3,1.5333333333333334,0.4466666666666667,1.5,3.533333333333333,23.333333333333332,5.833333333333333,5.833333333333333,48.33333333333333,27.520833333333332
346,347,0.2833333333333333,7.3,1.5333333333333334,0.4466666666666667,1.5,3.533333333333333,23.333333333333332,5.833333333333333,5.833333333333333,48.33333333333333,27.517857142857142
347,348,0.2833333333333333,7.3,1.5333333333333334,0.4466666666666667,1.5,3.533333333333333,23.333333333333332,5.833333333333333,5.833333333333333,48.33333333333333,27.516666666666662
348,349,0.2833333333333333,3.041666666666667,1.5333333333333334,0.4466666666666667,1.5,3.533333333333333,23.333333333333332,5.833333333333333,5.833333333333333,48.33333333333333,27.579761904761902
349,350,0.2833333333333333,3.041666666666667,1.5333333333333334,0.4466666666666667,1.5,3.533333333333333,23.333333333333332,5.833333333333333,5.833333333333333,48.33333333333333,27.575595238095243
350,351,0.2833333333333333,3.041666666666667,1.5333333333333334,0.4466666666666667,1.5,3.533333333333333,23.333333333333332,5.833333333333333,5.833333333333333,48.33333333333333,27.392261904761902
351,352,0.4,3.041666666666667,2.8,0.5033333333333334,1.3333333333333333,3.533333333333333,18.0,7.5,4.166666666666667,48.33333333333333,27.467261904761905
352,353,0.4,3.041666666666667,2.8,0.5033333333333334,1.0,3.533333333333333,18.0,7.5,4.166666666666667,48.33333333333333,27.470238095238095
353,354,0.4,3.041666666666667,2.8,0.5033333333333334,1.0,3.533333333333333,18.0,7.5,4.166666666666667,48.33333333333333,27.3797619047619
354,355,0.4,3.041666666666667,2.8,0.5033333333333334,1.0,3.533333333333333,18.0,7.5,4.166666666666667,48.33333333333333,27.32976190476191
355,356,0.4,3.041666666666667,1.5333333333333334,0.5033333333333334,1.0,3.533333333333333,18.0,7.5,4.166666666666667,48.33333333333333,27.37202380952381
356,357,0.4,3.041666666666667,1.5333333333333334,0.5033333333333334,1.0,3.533333333333333,18.0,7.5,7.5,48.33333333333333,27.3797619047619
357,358,0.4,3.041666666666667,1.5333333333333334,0.5033333333333334,1.0,3.533333333333333,18.0,7.5,7.5,48.33333333333333,27.3797619047619
358,359,0.4,3.041666666666667,1.5333333333333334,0.5033333333333334,1.0,3.533333333333333,18.0,7.5,7.5,48.33333333333333,27.664285714285718
359,360,0.4,3.041666666666667,1.5333333333333334,0.5033333333333334,1.0,3.533333333333333,18.0,7.5,7.5,48.33333333333333,27.664285714285718
360,361,0.4,3.041666666666667,1.5333333333333334,0.5033333333333334,1.0,3.533333333333333,18.0,7.5,7.5,48.33333333333333,27.666666666666668
361,362,0.4,7.3,1.5333333333333334,0.5033333333333334,1.0,3.533333333333333,18.0,7.5,7.5,48.33333333333333,27.53452380952381
362,363,0.16666666666666669,7.3,1.5333333333333334,0.5033333333333334,1.0,3.533333333333333,18.0,7.5,7.5,48.33333333333333,27.401785714285715
363,364,0.16666666666666669,7.3,1.5333333333333334,0.5033333333333334,1.0,3.533333333333333,18.0,7.5,7.5,48.33333333333333,27.402976190476195
364,365,0.16666666666666669,7.3,1.5333333333333334,0.5033333333333334,1.0,3.533333333333333,18.0,7.5,7.5,48.33333333333333,27.413095238095234
365,366,0.16666666666666669,7.3,1.5333333333333334,0.5033333333333334,1.0,3.533333333333333,18.0,7.5,7.5,25.0,27.417261904761908
366,367,0.16666666666666669,7.3,1.5333333333333334,0.5033333333333334,1.0,3.533333333333333,23.333333333333332,7.5,7.5,25.0,27.208928571428572
367,368,0.16666666666666669,7.3,1.5333333333333334,0.5033333333333334,1.0,3.533333333333333,23.333333333333332,7.5,7.5,25.0,27.19047619047619
368,369,0.16666666666666669,7.3,1.5333333333333334,0.5033333333333334,1.0,3.533333333333333,23.333333333333332,7.5,7.5,25.0,27.19107142857143
369,370,0.16666666666666669,7.3,1.5333333333333334,0.39,1.0,3.533333333333333,23.333333333333332,7.5,7.5,25.0,27.1922619047619
370,371,0.16666666666666669,7.3,1.5333333333333334,0.39,1.0,3.533333333333333,23.333333333333332,7.5,7.5,25.0,27.191666666666666
371,372,0.16666666666666669,7.3,1.5333333333333334,0.39,1.0,3.533333333333333,23.333333333333332,7.5,7.5,25.0,27.19047619047619
372,373,0.16666666666666669,7.3,1.5333333333333334,0.39,1.0,3.533333333333333,23.333333333333332,7.5,7.5,25.0,27.19047619047619
373,374,0.16666666666666669,7.3,1.5333333333333334,0.39,1.0,3.533333333333333,23.333333333333332,4.166666666666667,7.5,25.0,27.172023809523807
374,375,0.16666666666666669,7.3,1.5333333333333334,0.39,1.0,3.533333333333333,23.333333333333332,4.166666666666667,7.5,25.0,27.22083333333333
375,376,0.16666666666666669,7.3,1.5333333333333334,0.39,1.0,2.6,23.333333333333332,4.166666666666667,7.5,25.0,27.240476190476187
376,377,0.16666666666666669,7.3,1.5333333333333334,0.39,1.0,2.6,23.333333333333332,4.166666666666667,7.5,25.0,27.238690476190477
377,378,0.16666666666666669,7.3,1.5333333333333334,0.39,1.0,2.6,23.333333333333332,4.166666666666667,7.5,25.0,27.402976190476195
378,379,0.16666666666666669,7.3,2.1666666666666665,0.56,1.5,2.6,26.0,2.5,5.833333333333333,36.66666666666667,27.267857142857142
379,380,0.16666666666666669,7.3,2.1666666666666665,0.56,1.5,2.6,26.0,2.5,5.833333333333333,36.66666666666667,27.265476190476193
380,381,0.16666666666666669,7.3,2.1666666666666665,0.56,1.5,2.6,26.0,2.5,2.5,36.66666666666667,27.25357142857143
381,382,0.16666666666666669,3.041666666666667,2.1666666666666665,0.56,1.5,2.6,26.0,2.5,2.5,36.66666666666667,27.410119047619045
382,383,0.16666666666666669,3.041666666666667,2.1666666666666665,0.56,1.5,2.6,26.0,2.5,2.5,36.66666666666667,27.410119047619045
383,384,0.16666666666666669,3.041666666666667,2.1666666666666665,0.56,1.5,2.6,20.666666666666668,2.5,2.5,36.66666666666667,27.49642857142857
384,385,0.16666666666666669,3.041666666666667,2.1666666666666665,0.56,1.5,3.533333333333333,20.666666666666668,2.5,2.5,36.66666666666667,27.482738095238098
385,386,0.16666666666666669,3.041666666666667,2.1666666666666665,0.56,1.5,3.533333333333333,20.666666666666668,2.5,2.5,36.66666666666667,27.655357142857145
386,387,0.16666666666666669,3.041666666666667,2.1666666666666665,0.56,1.5,3.533333333333333,20.666666666666668,2.5,2.5,36.66666666666667,27.656547619047615
387,388,0.16666666666666669,3.041666666666667,2.1666666666666665,0.56,1.5,3.533333333333333,20.666666666666668,2.5,2.5,36.66666666666667,27.659523809523805
388,389,0.16666666666666669,3.041666666666667,2.1666666666666665,0.56,1.5,3.533333333333333,20.666666666666668,2.5,2.5,36.66666666666667,27.667261904761908
389,390,0.16666666666666669,3.041666666666667,2.1666666666666665,0.56,1.1666666666666667,3.533333333333333,20.666666666666668,2.5,2.5,36.66666666666667,27.65059523809524
390,391,0.16666666666666669,3.041666666666667,2.1666666666666665,0.56,1.1666666666666667,3.533333333333333,20.666666666666668,2.5,2.5,36.66666666666667,27.554166666666667
391,392,0.16666666666666669,3.041666666666667,2.1666666666666665,0.56,1.1666666666666667,3.533333333333333,20.666666666666668,5.833333333333333,2.5,36.66666666666667,27.59702380952381
392,393,0.16666666666666669,3.041666666666667,2.1666666666666665,0.56,1.1666666666666667,3.533333333333333,20.666666666666668,5.833333333333333,2.5,36.66666666666667,27.598809523809525
393,394,0.16666666666666669,3.041666666666667,2.1666666666666665,0.56,1.1666666666666667,3.533333333333333,20.666666666666668,5.833333333333333,2.5,36.66666666666667,28.28809523809524
394,395,0.16666666666666669,3.041666666666667,2.1666666666666665,0.56,1.1666666666666667,3.533333333333333,20.666666666666668,5.833333333333333,2.5,36.66666666666667,28.28809523809524
395,396,0.16666666666666669,3.041666666666667,2.1666666666666665,0.56,1.1666666666666667,3.533333333333333,20.666666666666668,5.833333333333333,2.5,36.66666666666667,28.29047619047619
396,397,0.16666666666666669,3.041666666666667,2.1666666666666665,0.56,1.1666666666666667,3.533333333333333,20.666666666666668,5.833333333333333,2.5,36.66666666666667,28.292857142857148
397,398,0.16666666666666669,3.041666666666667,2.1666666666666665,0.56,1.1666666666666667,3.533333333333333,20.666666666666668,5.833333333333333,2.5,36.66666666666667,28.515476190476193
398,399,0.16666666666666669,3.041666666666667,2.1666666666666665,0.56,1.1666666666666667,3.533333333333333,20.666666666666668,5.833333333333333,2.5,36.66666666666667,28.4327380952381
399,400,0.16666666666666669,3.041666666666667,0.9,0.56,1.1666666666666667,3.533333333333333,20.666666666666668,5.833333333333333,2.5,36.66666666666667,28.425595238095237
400,401,0.16666666666666669,3.041666666666667,0.9,0.56,1.1666666666666667,3.533333333333333,20.666666666666668,5.833333333333333,2.5,36.66666666666667,28.425595238095237
401,402,0.16666666666666669,3.041666666666667,0.9,0.56,1.1666666666666667,3.533333333333333,20.666666666666668,5.833333333333333,2.5,36.66666666666667,28.053571428571427
402,403,0.16666666666666669,3.041666666666667,0.9,0.56,1.1666666666666667,3.533333333333333,20.666666666666668,5.833333333333333,2.5,60.0,28.049404761904768
403,404,0.4,3.041666666666667,0.9,0.56,1.1666666666666667,3.533333333333333,20.666666666666668,5.833333333333333,2.5,60.0,28.35833333333333
404,405,0.4,3.041666666666667,0.9,0.4466666666666667,1.1666666666666667,3.533333333333333,20.666666666666668,5.833333333333333,2.5,60.0,28.350595238095234
405,406,0.4,3.041666666666667,2.1666666666666665,0.5033333333333334,1.3333333333333333,3.066666666666667,20.666666666666668,7.5,5.833333333333333,60.0,29.304761904761904
406,407,0.4,3.041666666666667,2.1666666666666665,0.5033333333333334,1.3333333333333333,3.066666666666667,20.666666666666668,7.5,5.833333333333333,60.0,29.302380952380954
407,408,0.4,3.041666666666667,2.1666666666666665,0.5033333333333334,1.3333333333333333,3.066666666666667,20.666666666666668,7.5,5.833333333333333,60.0,28.008928571428573
408,409,0.4,3.041666666666667,2.1666666666666665,0.5033333333333334,1.3333333333333333,4.0,20.666666666666668,7.5,5.833333333333333,60.0,27.951190476190472
409,410,0.4,3.041666666666667,2.1666666666666665,0.5033333333333334,1.3333333333333333,4.0,26.0,7.5,5.833333333333333,60.0,27.885119047619053
410,411,0.4,3.041666666666667,2.1666666666666665,0.39,1.3333333333333333,4.0,26.0,7.5,5.833333333333333,60.0,27.919642857142858
411,412,0.4,3.041666666666667,2.1666666666666665,0.39,1.3333333333333333,4.0,26.0,7.5,5.833333333333333,60.0,27.94404761904762
412,413,0.4,3.041666666666667,2.1666666666666665,0.39,1.3333333333333333,4.0,26.0,7.5,5.833333333333333,60.0,27.93690476190476
413,414,0.4,3.041666666666667,2.1666666666666665,0.39,1.3333333333333333,4.0,26.0,7.5,5.833333333333333,60.0,27.93690476190476
414,415,0.4,3.041666666666667,2.1666666666666665,0.39,1.3333333333333333,4.0,26.0,7.5,5.833333333333333,36.66666666666667,27.94107142857143
415,416,0.4,3.041666666666667,2.1666666666666665,0.39,1.3333333333333333,4.0,26.0,7.5,5.833333333333333,36.66666666666667,27.93988095238095
416,417,0.4,7.3,2.1666666666666665,0.39,1.3333333333333333,4.0,26.0,7.5,5.833333333333333,36.66666666666667,27.53452380952381
417,418,0.4,7.3,2.1666666666666665,0.39,1.3333333333333333,4.0,26.0,7.5,5.833333333333333,36.66666666666667,27.529761904761905
418,419,0.4,7.3,2.1666666666666665,0.39,1.3333333333333333,4.0,26.0,7.5,5.833333333333333,36.66666666666667,27.43690476190476
419,420,0.4,7.3,2.1666666666666665,0.39,1.3333333333333333,4.0,26.0,7.5,5.833333333333333,36.66666666666667,27.416666666666668
420,421,0.4,7.3,2.1666666666666665,0.39,1.3333333333333333,4.0,26.0,7.5,5.833333333333333,36.66666666666667,27.417261904761908
421,422,0.16666666666666669,7.3,2.1666666666666665,0.39,1.3333333333333333,4.0,26.0,7.5,5.833333333333333,36.66666666666667,27.330952380952382
422,423,0.16666666666666669,7.3,2.1666666666666665,0.39,1.3333333333333333,4.0,26.0,7.5,2.5,36.66666666666667,27.324404761904763
423,424,0.16666666666666669,7.3,2.1666666666666665,0.39,1.3333333333333333,4.0,26.0,7.5,2.5,36.66666666666667,27.324404761904763
424,425,0.16666666666666669,7.3,0.9,0.39,1.3333333333333333,4.0,26.0,7.5,2.5,36.66666666666667,27.321428571428573
425,426,0.16666666666666669,7.3,0.9,0.39,1.3333333333333333,4.0,26.0,7.5,2.5,36.66666666666667,27.321428571428573
426,427,0.16666666666666669,7.3,0.9,0.39,1.3333333333333333,4.0,26.0,7.5,2.5,36.66666666666667,27.325000000000003
427,428,0.16666666666666669,7.3,0.9,0.39,1.3333333333333333,4.0,26.0,7.5,2.5,36.66666666666667,27.129166666666666
428,429,0.16666666666666669,7.3,0.9,0.39,1.3333333333333333,4.0,26.0,7.5,2.5,36.66666666666667,27.241666666666667
429,430,0.16666666666666669,7.3,0.9,0.39,1.3333333333333333,4.0,26.0,7.5,2.5,36.66666666666667,27.24702380952381
430,431,0.16666666666666669,7.3,0.9,0.39,1.0,4.0,26.0,7.5,2.5,36.66666666666667,27.2452380952381
431,432,0.16666666666666669,7.3,0.9,0.39,1.0,4.0,26.0,4.166666666666667,2.5,36.66666666666667,27.229166666666668
