,glazing_ratio,wall_u_value,window_u_value,window_sghc,infiltration_rate,chiller_cop,indoor_temp_set_point,equipment_load_density,lighting_load_density,occupancy_density,wall_albedo,roof_albedo,wall_emissivity,roof_emissivity,floor_height,roof_u_value,temp_average,hdd_results,hdd_10C_results,cdd_results,daily_average_max_temperature,daily_average_min_temperature
0,0.1368042292198994,0.7065084275493279,2.5865808768710465,0.6303511457541126,0.6533822459263333,6.033322087308404,22.125,5.084795281239799,4.367066786652093,0.02217574355022435,0.4077392371887524,0.48339585234698484,0.5474050117579106,0.5474050117579106,2.8363208793684556,0.19489241580603842,20.919642857142858,105.50000000000004,0.0,131.59999999999997,26.671428571428574,15.328571428571427
1,0.3161838927604348,0.7065084275493279,2.5865808768710465,0.6303511457541126,0.6533822459263333,6.033322087308404,22.125,5.084795281239799,4.367066786652093,0.02217574355022435,0.4077392371887524,0.48339585234698484,0.5474050117579106,0.5474050117579106,2.8363208793684556,0.19489241580603842,20.93452380952381,106.20000000000005,0.0,134.39999999999998,26.714285714285715,15.271428571428572
2,0.1368042292198994,0.8516527963106618,2.5865808768710465,0.6303511457541126,0.6533822459263333,6.033322087308404,22.125,5.084795281239799,4.367066786652093,0.02217574355022435,0.4077392371887524,0.48339585234698484,0.5474050117579106,0.5474050117579106,2.8363208793684556,0.19489241580603842,20.922619047619047,105.30000000000004,0.0,131.89999999999998,26.671428571428574,15.314285714285715
3,0.1368042292198994,0.7065084275493279,3.0349376156795773,0.6303511457541126,0.6533822459263333,6.033322087308404,22.125,5.084795281239799,4.367066786652093,0.02217574355022435,0.4077392371887524,0.48339585234698484,0.5474050117579106,0.5474050117579106,2.8363208793684556,0.19489241580603842,20.919642857142858,105.50000000000004,0.0,131.59999999999997,26.671428571428574,15.328571428571427
4,0.1368042292198994,0.7065084275493279,2.5865808768710465,0.4559506691350048,0.6533822459263333,6.033322087308404,22.125,5.084795281239799,4.367066786652093,0.02217574355022435,0.4077392371887524,0.48339585234698484,0.5474050117579106,0.5474050117579106,2.8363208793684556,0.19489241580603842,20.919642857142858,105.50000000000004,0.0,131.59999999999997,26.671428571428574,15.328571428571427
5,0.1368042292198994,0.7065084275493279,2.5865808768710465,0.6303511457541126,0.8966177540736667,6.033322087308404,22.125,5.084795281239799,4.367066786652093,0.02217574355022435,0.4077392371887524,0.48339585234698484,0.5474050117579106,0.5474050117579106,2.8363208793684556,0.19489241580603842,20.917261904761908,105.90000000000003,0.0,131.59999999999997,26.671428571428574,15.328571428571427
6,0.1368042292198994,0.7065084275493279,2.5865808768710465,0.6303511457541126,0.6533822459263333,5.570309262708006,22.125,5.084795281239799,4.367066786652093,0.02217574355022435,0.4077392371887524,0.48339585234698484,0.5474050117579106,0.5474050117579106,2.8363208793684556,0.19489241580603842,20.91845238095238,105.50000000000004,0.0,131.59999999999997,26.671428571428574,15.328571428571427
7,0.1368042292198994,0.7065084275493279,2.5865808768710465,0.6303511457541126,0.6533822459263333,6.033322087308404,22.375,5.084795281239799,4.367066786652093,0.02217574355022435,0.4077392371887524,0.48339585234698484,0.5474050117579106,0.5474050117579106,2.8363208793684556,0.19489241580603842,20.91547619047619,106.60000000000004,0.0,131.49999999999997,26.671428571428574,15.328571428571427
8,0.1368042292198994,0.7065084275493279,2.5865808768710465,0.6303511457541126,0.6533822459263333,6.033322087308404,22.125,4.713857012477818,4.367066786652093,0.02217574355022435,0.4077392371887524,0.48339585234698484,0.5474050117579106,0.5474050117579106,2.8363208793684556,0.19489241580603842,20.90952380952381,106.60000000000004,0.0,131.49999999999997,26.671428571428574,15.328571428571427
9,0.1368042292198994,0.7065084275493279,2.5865808768710465,0.6303511457541126,0.6533822459263333,6.033322087308404,22.125,5.084795281239799,4.432933213347908,0.02217574355022435,0.4077392371887524,0.48339585234698484,0.5474050117579106,0.5474050117579106,2.8363208793684556,0.19489241580603842,20.920238095238098,105.50000000000004,0.0,131.59999999999997,26.671428571428574,15.328571428571427
10,0.1368042292198994,0.7065084275493279,2.5865808768710465,0.6303511457541126,0.6533822459263333,6.033322087308404,22.125,5.084795281239799,4.367066786652093,0.02217574355022435,0.4077392371887524,0.48339585234698484,0.5474050117579106,0.5474050117579106,2.8363208793684556,0.19489241580603842,20.919642857142858,105.50000000000004,0.0,131.59999999999997,26.671428571428574,15.328571428571427
11,0.1368042292198994,0.7065084275493279,2.5865808768710465,0.6303511457541126,0.6533822459263333,6.033322087308404,22.125,5.084795281239799,4.367066786652093,0.02217574355022435,0.42930068815252925,0.48339585234698484,0.5474050117579106,0.5474050117579106,2.8363208793684556,0.19489241580603842,20.91488095238095,105.90000000000003,0.0,131.59999999999997,26.671428571428574,15.328571428571427
12,0.1368042292198994,0.7065084275493279,2.5865808768710465,0.6303511457541126,0.6533822459263333,6.033322087308404,22.125,5.084795281239799,4.367066786652093,0.02217574355022435,0.4077392371887524,0.5706993118474708,0.5474050117579106,0.5474050117579106,2.8363208793684556,0.19489241580603842,20.910714285714285,106.70000000000005,0.0,131.59999999999997,26.671428571428574,15.328571428571427
13,0.1368042292198994,0.7065084275493279,2.5865808768710465,0.6303511457541126,0.6533822459263333,6.033322087308404,22.125,5.084795281239799,4.367066786652093,0.02217574355022435,0.4077392371887524,0.48339585234698484,0.335244082993373,0.5474050117579106,2.8363208793684556,0.19489241580603842,20.927976190476187,104.80000000000004,0.0,131.79999999999995,26.671428571428574,15.328571428571427
14,0.1368042292198994,0.7065084275493279,2.5865808768710465,0.6303511457541126,0.6533822459263333,6.033322087308404,22.125,5.084795281239799,4.367066786652093,0.02217574355022435,0.4077392371887524,0.48339585234698484,0.5474050117579106,0.4025949882420894,2.8363208793684556,0.19489241580603842,20.92083333333333,105.80000000000004,0.0,131.59999999999997,26.671428571428574,15.328571428571427
15,0.1368042292198994,0.7065084275493279,2.5865808768710465,0.6303511457541126,0.6533822459263333,6.033322087308404,22.125,5.084795281239799,4.367066786652093,0.02217574355022435,0.4077392371887524,0.48339585234698484,0.5474050117579106,0.5474050117579106,2.8555792537739926,0.19489241580603842,20.919642857142858,105.50000000000004,0.0,131.59999999999997,26.671428571428574,15.328571428571427
16,0.1368042292198994,0.7065084275493279,2.5865808768710465,0.6303511457541126,0.6533822459263333,6.033322087308404,22.125,5.084795281239799,4.367066786652093,0.02217574355022435,0.4077392371887524,0.48339585234698484,0.5474050117579106,0.5474050117579106,2.8363208793684556,0.3837960334855916,20.91904761904762,105.50000000000004,0.0,131.59999999999997,26.671428571428574,15.328571428571427
17,0.1368042292198994,0.8516527963106618,3.0349376156795773,0.4559506691350048,0.8966177540736667,5.570309262708006,22.375,4.713857012477818,4.432933213347908,0.02217574355022435,0.42930068815252925,0.5706993118474708,0.335244082993373,0.4025949882420894,2.8555792537739926,0.3837960334855916,20.929761904761904,105.70000000000005,0.0,131.89999999999998,26.671428571428574,15.328571428571427
18,0.3161838927604348,0.7065084275493279,3.0349376156795773,0.4559506691350048,0.8966177540736667,5.570309262708006,22.375,4.713857012477818,4.432933213347908,0.02217574355022435,0.42930068815252925,0.5706993118474708,0.335244082993373,0.4025949882420894,2.8555792537739926,0.3837960334855916,20.941071428571426,106.20000000000003,0.0,134.59999999999997,26.728571428571428,15.271428571428572
19,0.3161838927604348,0.8516527963106618,2.5865808768710465,0.4559506691350048,0.8966177540736667,5.570309262708006,22.375,4.713857012477818,4.432933213347908,0.02217574355022435,0.42930068815252925,0.5706993118474708,0.335244082993373,0.4025949882420894,2.8555792537739926,0.3837960334855916,20.941666666666666,106.50000000000003,0.0,134.89999999999998,26.74285714285714,15.271428571428572
20,0.3161838927604348,0.8516527963106618,3.0349376156795773,0.6303511457541126,0.8966177540736667,5.570309262708006,22.375,4.713857012477818,4.432933213347908,0.02217574355022435,0.42930068815252925,0.5706993118474708,0.335244082993373,0.4025949882420894,2.8555792537739926,0.3837960334855916,20.944642857142856,106.30000000000004,0.0,135.09999999999997,26.74285714285714,15.271428571428572
21,0.3161838927604348,0.8516527963106618,3.0349376156795773,0.4559506691350048,0.6533822459263333,5.570309262708006,22.375,4.713857012477818,4.432933213347908,0.02217574355022435,0.42930068815252925,0.5706993118474708,0.335244082993373,0.4025949882420894,2.8555792537739926,0.3837960334855916,20.936309523809523,107.40000000000005,0.0,134.89999999999998,26.74285714285714,15.271428571428572
22,0.3161838927604348,0.8516527963106618,3.0349376156795773,0.4559506691350048,0.8966177540736667,6.033322087308404,22.375,4.713857012477818,4.432933213347908,0.02217574355022435,0.42930068815252925,0.5706993118474708,0.335244082993373,0.4025949882420894,2.8555792537739926,0.3837960334855916,20.941666666666666,106.40000000000003,0.0,134.79999999999995,26.74285714285714,15.257142857142858
23,0.3161838927604348,0.8516527963106618,3.0349376156795773,0.4559506691350048,0.8966177540736667,5.570309262708006,22.125,4.713857012477818,4.432933213347908,0.02217574355022435,0.42930068815252925,0.5706993118474708,0.335244082993373,0.4025949882420894,2.8555792537739926,0.3837960334855916,20.939285714285713,106.50000000000003,0.0,134.99999999999997,26.74285714285714,15.271428571428572
24,0.3161838927604348,0.8516527963106618,3.0349376156795773,0.4559506691350048,0.8966177540736667,5.570309262708006,22.375,5.084795281239799,4.432933213347908,0.02217574355022435,0.42930068815252925,0.5706993118474708,0.335244082993373,0.4025949882420894,2.8555792537739926,0.3837960334855916,20.94345238095238,106.20000000000003,0.0,134.89999999999998,26.74285714285714,15.271428571428572
25,0.3161838927604348,0.8516527963106618,3.0349376156795773,0.4559506691350048,0.8966177540736667,5.570309262708006,22.375,4.713857012477818,4.367066786652093,0.02217574355022435,0.42930068815252925,0.5706993118474708,0.335244082993373,0.4025949882420894,2.8555792537739926,0.3837960334855916,20.941666666666666,106.40000000000003,0.0,134.79999999999995,26.74285714285714,15.257142857142858
26,0.3161838927604348,0.8516527963106618,3.0349376156795773,0.4559506691350048,0.8966177540736667,5.570309262708006,22.375,4.713857012477818,4.432933213347908,0.02217574355022435,0.42930068815252925,0.5706993118474708,0.335244082993373,0.4025949882420894,2.8555792537739926,0.3837960334855916,20.942261904761907,106.40000000000003,0.0,134.89999999999998,26.74285714285714,15.257142857142858
27,0.3161838927604348,0.8516527963106618,3.0349376156795773,0.4559506691350048,0.8966177540736667,5.570309262708006,22.375,4.713857012477818,4.432933213347908,0.02217574355022435,0.4077392371887524,0.5706993118474708,0.335244082993373,0.4025949882420894,2.8555792537739926,0.3837960334855916,20.94107142857143,106.50000000000003,0.0,134.79999999999995,26.74285714285714,15.257142857142858
28,0.3161838927604348,0.8516527963106618,3.0349376156795773,0.4559506691350048,0.8966177540736667,5.570309262708006,22.375,4.713857012477818,4.432933213347908,0.02217574355022435,0.42930068815252925,0.48339585234698484,0.335244082993373,0.4025949882420894,2.8555792537739926,0.3837960334855916,20.93511904761905,107.20000000000003,0.0,134.7,26.74285714285714,15.257142857142858
29,0.3161838927604348,0.8516527963106618,3.0349376156795773,0.4559506691350048,0.8966177540736667,5.570309262708006,22.375,4.713857012477818,4.432933213347908,0.02217574355022435,0.42930068815252925,0.5706993118474708,0.5474050117579106,0.4025949882420894,2.8555792537739926,0.3837960334855916,20.929166666666667,107.30000000000004,0.0,134.39999999999998,26.714285714285715,15.257142857142858
30,0.3161838927604348,0.8516527963106618,3.0349376156795773,0.4559506691350048,0.8966177540736667,5.570309262708006,22.375,4.713857012477818,4.432933213347908,0.02217574355022435,0.42930068815252925,0.5706993118474708,0.335244082993373,0.5474050117579106,2.8555792537739926,0.3837960334855916,20.936309523809523,106.50000000000003,0.0,134.89999999999998,26.74285714285714,15.271428571428572
31,0.3161838927604348,0.8516527963106618,3.0349376156795773,0.4559506691350048,0.8966177540736667,5.570309262708006,22.375,4.713857012477818,4.432933213347908,0.02217574355022435,0.42930068815252925,0.5706993118474708,0.335244082993373,0.4025949882420894,2.8363208793684556,0.3837960334855916,20.942857142857147,106.30000000000004,0.0,134.89999999999998,26.74285714285714,15.257142857142858
32,0.3161838927604348,0.8516527963106618,3.0349376156795773,0.4559506691350048,0.8966177540736667,5.570309262708006,22.375,4.713857012477818,4.432933213347908,0.02217574355022435,0.42930068815252925,0.5706993118474708,0.335244082993373,0.4025949882420894,2.8555792537739926,0.19489241580603842,20.93988095238095,106.30000000000004,0.0,134.79999999999995,26.74285714285714,15.257142857142858
33,0.3161838927604348,0.8516527963106618,3.0349376156795773,0.4559506691350048,0.8966177540736667,5.570309262708006,22.375,4.713857012477818,4.432933213347908,0.02217574355022435,0.42930068815252925,0.5706993118474708,0.335244082993373,0.4025949882420894,2.8555792537739926,0.3837960334855916,20.942261904761907,106.40000000000003,0.0,134.89999999999998,26.74285714285714,15.257142857142858
34,0.2548400574576,2.2294106443854034,3.7185390371913036,0.5150822953941643,0.9380485698410648,4.383349449176855,20.125,4.406919968645571,5.182347384317094,0.028431967789375245,0.5166041476530151,0.5922607628112476,0.2932017695350752,0.2932017695350752,3.0053967731931444,0.4796893171914547,20.945238095238096,110.60000000000005,0.0,137.89999999999998,26.78571428571428,15.271428571428572
35,0.1838467286633593,2.2294106443854034,3.7185390371913036,0.5150822953941643,0.9380485698410648,4.383349449176855,20.125,4.406919968645571,5.182347384317094,0.028431967789375245,0.5166041476530151,0.5922607628112476,0.2932017695350752,0.2932017695350752,3.0053967731931444,0.4796893171914547,20.946428571428573,110.20000000000003,0.0,136.49999999999997,26.757142857142856,15.271428571428572
36,0.2548400574576,0.3391670733717686,3.7185390371913036,0.5150822953941643,0.9380485698410648,4.383349449176855,20.125,4.406919968645571,5.182347384317094,0.028431967789375245,0.5166041476530151,0.5922607628112476,0.2932017695350752,0.2932017695350752,3.0053967731931444,0.4796893171914547,20.958333333333332,104.10000000000002,0.0,134.19999999999996,26.728571428571428,15.314285714285715
37,0.2548400574576,2.2294106443854034,2.3553805002726897,0.5150822953941643,0.9380485698410648,4.383349449176855,20.125,4.406919968645571,5.182347384317094,0.028431967789375245,0.5166041476530151,0.5922607628112476,0.2932017695350752,0.2932017695350752,3.0053967731931444,0.4796893171914547,20.951190476190476,109.80000000000004,0.0,137.89999999999998,26.78571428571428,15.271428571428572
38,0.2548400574576,2.2294106443854034,3.7185390371913036,0.6018259320045676,0.9380485698410648,4.383349449176855,20.125,4.406919968645571,5.182347384317094,0.028431967789375245,0.5166041476530151,0.5922607628112476,0.2932017695350752,0.2932017695350752,3.0053967731931444,0.4796893171914547,20.950000000000003,110.00000000000003,0.0,137.99999999999994,26.78571428571428,15.271428571428572
39,0.2548400574576,2.2294106443854034,3.7185390371913036,0.5150822953941643,0.6119514301589353,4.383349449176855,20.125,4.406919968645571,5.182347384317094,0.028431967789375245,0.5166041476530151,0.5922607628112476,0.2932017695350752,0.2932017695350752,3.0053967731931444,0.4796893171914547,20.952380952380953,109.80000000000004,0.0,137.79999999999995,26.78571428571428,15.271428571428572
40,0.2548400574576,2.2294106443854034,3.7185390371913036,0.5150822953941643,0.9380485698410648,4.24837820707053,20.125,4.406919968645571,5.182347384317094,0.028431967789375245,0.5166041476530151,0.5922607628112476,0.2932017695350752,0.2932017695350752,3.0053967731931444,0.4796893171914547,20.950595238095236,110.00000000000003,0.0,137.89999999999998,26.78571428571428,15.271428571428572
41,0.2548400574576,2.2294106443854034,3.7185390371913036,0.5150822953941643,0.9380485698410648,4.383349449176855,20.375,4.406919968645571,5.182347384317094,0.028431967789375245,0.5166041476530151,0.5922607628112476,0.2932017695350752,0.2932017695350752,3.0053967731931444,0.4796893171914547,20.95357142857143,109.70000000000005,0.0,137.79999999999995,26.78571428571428,15.271428571428572
42,0.2548400574576,2.2294106443854034,3.7185390371913036,0.5150822953941643,0.9380485698410648,4.383349449176855,20.125,3.967354769294302,5.182347384317094,0.028431967789375245,0.5166041476530151,0.5922607628112476,0.2932017695350752,0.2932017695350752,3.0053967731931444,0.4796893171914547,20.94285714285714,111.30000000000004,0.0,137.79999999999995,26.78571428571428,15.271428571428572
43,0.2548400574576,2.2294106443854034,3.7185390371913036,0.5150822953941643,0.9380485698410648,4.383349449176855,20.125,4.406919968645571,3.617652615682907,0.028431967789375245,0.5166041476530151,0.5922607628112476,0.2932017695350752,0.2932017695350752,3.0053967731931444,0.4796893171914547,20.947023809523813,110.40000000000003,0.0,137.59999999999997,26.78571428571428,15.271428571428572
44,0.2548400574576,2.2294106443854034,3.7185390371913036,0.5150822953941643,0.9380485698410648,4.383349449176855,20.125,4.406919968645571,5.182347384317094,0.028431967789375245,0.5166041476530151,0.5922607628112476,0.2932017695350752,0.2932017695350752,3.0053967731931444,0.4796893171914547,20.945238095238096,110.60000000000005,0.0,137.89999999999998,26.78571428571428,15.271428571428572
45,0.2548400574576,2.2294106443854034,3.7185390371913036,0.5150822953941643,0.9380485698410648,4.383349449176855,20.125,4.406919968645571,5.182347384317094,0.028431967789375245,0.5281575045725208,0.5922607628112476,0.2932017695350752,0.2932017695350752,3.0053967731931444,0.4796893171914547,20.946428571428573,110.80000000000004,0.0,137.89999999999998,26.78571428571428,15.271428571428572
46,0.2548400574576,2.2294106443854034,3.7185390371913036,0.5150822953941643,0.9380485698410648,4.383349449176855,20.125,4.406919968645571,5.182347384317094,0.028431967789375245,0.5166041476530151,0.47184249542747925,0.2932017695350752,0.2932017695350752,3.0053967731931444,0.4796893171914547,20.973214285714285,107.30000000000004,0.0,137.79999999999995,26.78571428571428,15.271428571428572
47,0.2548400574576,2.2294106443854034,3.7185390371913036,0.5150822953941643,0.9380485698410648,4.383349449176855,20.125,4.406919968645571,5.182347384317094,0.028431967789375245,0.5166041476530151,0.5922607628112476,0.5792437892060001,0.2932017695350752,3.0053967731931444,0.4796893171914547,20.93452380952381,110.60000000000005,0.0,137.39999999999998,26.78571428571428,15.271428571428572
48,0.2548400574576,2.2294106443854034,3.7185390371913036,0.5150822953941643,0.9380485698410648,4.383349449176855,20.125,4.406919968645571,5.182347384317094,0.028431967789375245,0.5166041476530151,0.5922607628112476,0.2932017695350752,0.6567982304649247,3.0053967731931444,0.4796893171914547,20.93214285714286,112.30000000000004,0.0,137.89999999999995,26.78571428571428,15.257142857142858
49,0.2548400574576,2.2294106443854034,3.7185390371913036,0.5150822953941643,0.9380485698410648,4.383349449176855,20.125,4.406919968645571,5.182347384317094,0.028431967789375245,0.5166041476530151,0.5922607628112476,0.2932017695350752,0.2932017695350752,3.0435921519938187,0.4796893171914547,20.955357142857142,109.10000000000005,0.0,137.89999999999998,26.78571428571428,15.271428571428572
50,0.2548400574576,2.2294106443854034,3.7185390371913036,0.5150822953941643,0.9380485698410648,4.383349449176855,20.125,4.406919968645571,5.182347384317094,0.028431967789375245,0.5166041476530151,0.5922607628112476,0.2932017695350752,0.2932017695350752,3.0053967731931444,0.7390685798440206,20.958928571428572,108.80000000000004,0.0,137.89999999999998,26.78571428571428,15.271428571428572
51,0.2548400574576,0.3391670733717686,2.3553805002726897,0.6018259320045676,0.6119514301589353,4.24837820707053,20.375,3.967354769294302,3.617652615682907,0.028431967789375245,0.5281575045725208,0.47184249542747925,0.5792437892060001,0.6567982304649247,3.0435921519938187,0.7390685798440206,20.923809523809524,106.70000000000005,0.0,133.29999999999995,26.714285714285715,15.314285714285715
52,0.1838467286633593,2.2294106443854034,2.3553805002726897,0.6018259320045676,0.6119514301589353,4.24837820707053,20.375,3.967354769294302,3.617652615682907,0.028431967789375245,0.5281575045725208,0.47184249542747925,0.5792437892060001,0.6567982304649247,3.0435921519938187,0.7390685798440206,20.904761904761905,113.00000000000006,0.0,135.39999999999998,26.74285714285714,15.242857142857146
53,0.1838467286633593,0.3391670733717686,3.7185390371913036,0.6018259320045676,0.6119514301589353,4.24837820707053,20.375,3.967354769294302,3.617652615682907,0.028431967789375245,0.5281575045725208,0.47184249542747925,0.5792437892060001,0.6567982304649247,3.0435921519938187,0.7390685798440206,20.91547619047619,106.70000000000005,0.0,132.09999999999997,26.671428571428574,15.314285714285715
54,0.1838467286633593,0.3391670733717686,2.3553805002726897,0.5150822953941643,0.6119514301589353,4.24837820707053,20.375,3.967354769294302,3.617652615682907,0.028431967789375245,0.5281575045725208,0.47184249542747925,0.5792437892060001,0.6567982304649247,3.0435921519938187,0.7390685798440206,20.91547619047619,106.70000000000005,0.0,132.09999999999997,26.671428571428574,15.314285714285715
55,0.1838467286633593,0.3391670733717686,2.3553805002726897,0.6018259320045676,0.9380485698410648,4.24837820707053,20.375,3.967354769294302,3.617652615682907,0.028431967789375245,0.5281575045725208,0.47184249542747925,0.5792437892060001,0.6567982304649247,3.0435921519938187,0.7390685798440206,20.919642857142858,106.00000000000003,0.0,132.09999999999997,26.671428571428574,15.314285714285715
56,0.1838467286633593,0.3391670733717686,2.3553805002726897,0.6018259320045676,0.6119514301589353,4.383349449176855,20.375,3.967354769294302,3.617652615682907,0.028431967789375245,0.5281575045725208,0.47184249542747925,0.5792437892060001,0.6567982304649247,3.0435921519938187,0.7390685798440206,20.91547619047619,106.70000000000005,0.0,132.09999999999997,26.671428571428574,15.314285714285715
57,0.1838467286633593,0.3391670733717686,2.3553805002726897,0.6018259320045676,0.6119514301589353,4.24837820707053,20.125,3.967354769294302,3.617652615682907,0.028431967789375245,0.5281575045725208,0.47184249542747925,0.5792437892060001,0.6567982304649247,3.0435921519938187,0.7390685798440206,20.919047619047618,105.80000000000004,0.0,132.09999999999997,26.671428571428574,15.314285714285715
58,0.1838467286633593,0.3391670733717686,2.3553805002726897,0.6018259320045676,0.6119514301589353,4.24837820707053,20.375,4.406919968645571,3.617652615682907,0.028431967789375245,0.5281575045725208,0.47184249542747925,0.5792437892060001,0.6567982304649247,3.0435921519938187,0.7390685798440206,20.917261904761904,105.80000000000004,0.0,132.2,26.671428571428574,15.314285714285715
59,0.1838467286633593,0.3391670733717686,2.3553805002726897,0.6018259320045676,0.6119514301589353,4.24837820707053,20.375,3.967354769294302,5.182347384317094,0.028431967789375245,0.5281575045725208,0.47184249542747925,0.5792437892060001,0.6567982304649247,3.0435921519938187,0.7390685798440206,20.922023809523807,105.80000000000004,0.0,132.2,26.671428571428574,15.314285714285715
60,0.1838467286633593,0.3391670733717686,2.3553805002726897,0.6018259320045676,0.6119514301589353,4.24837820707053,20.375,3.967354769294302,3.617652615682907,0.028431967789375245,0.5281575045725208,0.47184249542747925,0.5792437892060001,0.6567982304649247,3.0435921519938187,0.7390685798440206,20.91547619047619,106.70000000000005,0.0,132.09999999999997,26.671428571428574,15.314285714285715
61,0.1838467286633593,0.3391670733717686,2.3553805002726897,0.6018259320045676,0.6119514301589353,4.24837820707053,20.375,3.967354769294302,3.617652615682907,0.028431967789375245,0.5166041476530151,0.47184249542747925,0.5792437892060001,0.6567982304649247,3.0435921519938187,0.7390685798440206,20.916666666666668,105.80000000000004,0.0,132.09999999999997,26.671428571428574,15.314285714285715
62,0.1838467286633593,0.3391670733717686,2.3553805002726897,0.6018259320045676,0.6119514301589353,4.24837820707053,20.375,3.967354769294302,3.617652615682907,0.028431967789375245,0.5281575045725208,0.5922607628112476,0.5792437892060001,0.6567982304649247,3.0435921519938187,0.7390685798440206,20.917261904761904,106.20000000000005,0.0,131.99999999999997,26.671428571428574,15.314285714285715
63,0.1838467286633593,0.3391670733717686,2.3553805002726897,0.6018259320045676,0.6119514301589353,4.24837820707053,20.375,3.967354769294302,3.617652615682907,0.028431967789375245,0.5281575045725208,0.47184249542747925,0.2932017695350752,0.6567982304649247,3.0435921519938187,0.7390685798440206,20.935714285714283,104.30000000000004,0.0,132.2,26.671428571428574,15.314285714285715
64,0.1838467286633593,0.3391670733717686,2.3553805002726897,0.6018259320045676,0.6119514301589353,4.24837820707053,20.375,3.967354769294302,3.617652615682907,0.028431967789375245,0.5281575045725208,0.47184249542747925,0.5792437892060001,0.2932017695350752,3.0435921519938187,0.7390685798440206,20.929166666666667,105.10000000000002,0.0,131.89999999999998,26.671428571428574,15.314285714285715
65,0.1838467286633593,0.3391670733717686,2.3553805002726897,0.6018259320045676,0.6119514301589353,4.24837820707053,20.375,3.967354769294302,3.617652615682907,0.028431967789375245,0.5281575045725208,0.47184249542747925,0.5792437892060001,0.6567982304649247,3.0053967731931444,0.7390685798440206,20.913690476190474,106.70000000000005,0.0,132.09999999999997,26.671428571428574,15.314285714285715
66,0.1838467286633593,0.3391670733717686,2.3553805002726897,0.6018259320045676,0.6119514301589353,4.24837820707053,20.375,3.967354769294302,3.617652615682907,0.028431967789375245,0.5281575045725208,0.47184249542747925,0.5792437892060001,0.6567982304649247,3.0435921519938187,0.4796893171914547,20.91547619047619,106.20000000000005,0.0,131.99999999999997,26.671428571428574,15.314285714285715
67,0.1838467286633593,0.3391670733717686,2.3553805002726897,0.6018259320045676,0.6119514301589353,4.24837820707053,20.375,3.967354769294302,3.617652615682907,0.028431967789375245,0.5281575045725208,0.47184249542747925,0.5792437892060001,0.6567982304649247,3.0435921519938187,0.7390685798440206,20.91547619047619,106.70000000000005,0.0,132.09999999999997,26.671428571428574,15.314285714285715
68,0.3471480502314904,0.46736642986306076,2.27006651009484,0.7185467987061323,0.7914666066739536,3.790041503024262,23.125,3.967354769294302,4.643235508147334,0.03248878827505467,0.5706993118474708,0.5281575045725208,0.7122419615146366,0.7122419615146366,2.9116655939057043,0.3535546094895475,20.92202380952381,107.40000000000006,0.0,134.89999999999995,26.74285714285714,15.257142857142858
69,0.11002004010957672,0.46736642986306076,2.27006651009484,0.7185467987061323,0.7914666066739536,3.790041503024262,23.125,3.967354769294302,4.643235508147334,0.03248878827505467,0.5706993118474708,0.5281575045725208,0.7122419615146366,0.7122419615146366,2.9116655939057043,0.3535546094895475,20.88035714285714,107.40000000000005,0.0,129.29999999999995,26.642857142857146,15.314285714285715
70,0.3471480502314904,1.345699806798395,2.27006651009484,0.7185467987061323,0.7914666066739536,3.790041503024262,23.125,3.967354769294302,4.643235508147334,0.03248878827505467,0.5706993118474708,0.5281575045725208,0.7122419615146366,0.7122419615146366,2.9116655939057043,0.3535546094895475,20.92142857142857,109.60000000000004,0.0,136.19999999999996,26.757142857142856,15.257142857142858
71,0.3471480502314904,0.46736642986306076,1.8527465148745876,0.7185467987061323,0.7914666066739536,3.790041503024262,23.125,3.967354769294302,4.643235508147334,0.03248878827505467,0.5706993118474708,0.5281575045725208,0.7122419615146366,0.7122419615146366,2.9116655939057043,0.3535546094895475,20.919047619047618,107.90000000000005,0.0,134.89999999999995,26.74285714285714,15.257142857142858
72,0.3471480502314904,0.46736642986306076,2.27006651009484,0.5478159537846563,0.7914666066739536,3.790041503024262,23.125,3.967354769294302,4.643235508147334,0.03248878827505467,0.5706993118474708,0.5281575045725208,0.7122419615146366,0.7122419615146366,2.9116655939057043,0.3535546094895475,20.913095238095238,108.30000000000004,0.0,134.59999999999997,26.74285714285714,15.257142857142858
73,0.3471480502314904,0.46736642986306076,2.27006651009484,0.7185467987061323,1.1661736921585468,3.790041503024262,23.125,3.967354769294302,4.643235508147334,0.03248878827505467,0.5706993118474708,0.5281575045725208,0.7122419615146366,0.7122419615146366,2.9116655939057043,0.3535546094895475,20.922023809523807,108.30000000000004,0.0,134.89999999999995,26.74285714285714,15.257142857142858
74,0.3471480502314904,0.46736642986306076,2.27006651009484,0.7185467987061323,0.7914666066739536,3.5915083561378554,23.125,3.967354769294302,4.643235508147334,0.03248878827505467,0.5706993118474708,0.5281575045725208,0.7122419615146366,0.7122419615146366,2.9116655939057043,0.3535546094895475,20.92202380952381,107.40000000000006,0.0,134.89999999999995,26.74285714285714,15.257142857142858
75,0.3471480502314904,0.46736642986306076,2.27006651009484,0.7185467987061323,0.7914666066739536,3.790041503024262,23.375,3.967354769294302,4.643235508147334,0.03248878827505467,0.5706993118474708,0.5281575045725208,0.7122419615146366,0.7122419615146366,2.9116655939057043,0.3535546094895475,20.91547619047619,108.20000000000005,0.0,134.69999999999996,26.74285714285714,15.257142857142858
76,0.3471480502314904,0.46736642986306076,2.27006651009484,0.7185467987061323,0.7914666066739536,3.790041503024262,23.125,5.084795281239799,4.643235508147334,0.03248878827505467,0.5706993118474708,0.5281575045725208,0.7122419615146366,0.7122419615146366,2.9116655939057043,0.3535546094895475,20.922619047619047,108.10000000000005,0.0,135.59999999999997,26.77142857142857,15.271428571428572
77,0.3471480502314904,0.46736642986306076,2.27006651009484,0.7185467987061323,0.7914666066739536,3.790041503024262,23.125,3.967354769294302,4.72609713968213,0.03248878827505467,0.5706993118474708,0.5281575045725208,0.7122419615146366,0.7122419615146366,2.9116655939057043,0.3535546094895475,20.92202380952381,107.40000000000006,0.0,134.89999999999995,26.74285714285714,15.257142857142858
78,0.3471480502314904,0.46736642986306076,2.27006651009484,0.7185467987061323,0.7914666066739536,3.790041503024262,23.125,3.967354769294302,4.643235508147334,0.03248878827505467,0.5706993118474708,0.5281575045725208,0.7122419615146366,0.7122419615146366,2.9116655939057043,0.3535546094895475,20.92202380952381,107.40000000000006,0.0,134.89999999999995,26.74285714285714,15.257142857142858
79,0.3471480502314904,0.46736642986306076,2.27006651009484,0.7185467987061323,0.7914666066739536,3.790041503024262,23.125,3.967354769294302,4.643235508147334,0.03248878827505467,0.48339585234698484,0.5281575045725208,0.7122419615146366,0.7122419615146366,2.9116655939057043,0.3535546094895475,20.922619047619047,107.60000000000005,0.0,134.59999999999997,26.74285714285714,15.257142857142858
80,0.3471480502314904,0.46736642986306076,2.27006651009484,0.7185467987061323,0.7914666066739536,3.790041503024262,23.125,3.967354769294302,4.643235508147334,0.03248878827505467,0.5706993118474708,0.4077392371887524,0.7122419615146366,0.7122419615146366,2.9116655939057043,0.3535546094895475,20.928571428571427,107.30000000000007,0.0,134.99999999999994,26.74285714285714,15.257142857142858
81,0.3471480502314904,0.46736642986306076,2.27006651009484,0.7185467987061323,0.7914666066739536,3.790041503024262,23.125,3.967354769294302,4.643235508147334,0.03248878827505467,0.5706993118474708,0.5281575045725208,0.4608857657080398,0.7122419615146366,2.9116655939057043,0.3535546094895475,20.93154761904762,108.10000000000004,0.0,135.69999999999996,26.77142857142857,15.271428571428572
82,0.3471480502314904,0.46736642986306076,2.27006651009484,0.7185467987061323,0.7914666066739536,3.790041503024262,23.125,3.967354769294302,4.643235508147334,0.03248878827505467,0.5706993118474708,0.5281575045725208,0.7122419615146366,0.5176963796791818,2.9116655939057043,0.3535546094895475,20.93095238095238,107.20000000000005,0.0,134.89999999999998,26.74285714285714,15.257142857142858
83,0.3471480502314904,0.46736642986306076,2.27006651009484,0.7185467987061323,0.7914666066739536,3.790041503024262,23.125,3.967354769294302,4.643235508147334,0.03248878827505467,0.5706993118474708,0.5281575045725208,0.7122419615146366,0.7122419615146366,2.766520526689313,0.3535546094895475,20.92142857142857,108.20000000000005,0.0,135.19999999999993,26.74285714285714,15.257142857142858
84,0.3471480502314904,0.46736642986306076,2.27006651009484,0.7185467987061323,0.7914666066739536,3.790041503024262,23.125,3.967354769294302,4.643235508147334,0.03248878827505467,0.5706993118474708,0.5281575045725208,0.7122419615146366,0.7122419615146366,2.9116655939057043,0.25093607430069026,20.917261904761904,108.40000000000003,0.0,134.89999999999995,26.74285714285714,15.257142857142858
85,0.3471480502314904,1.345699806798395,1.8527465148745876,0.5478159537846563,1.1661736921585468,3.5915083561378554,23.375,5.084795281239799,4.72609713968213,0.03248878827505467,0.48339585234698484,0.4077392371887524,0.4608857657080398,0.5176963796791818,2.766520526689313,0.25093607430069026,20.95297619047619,107.20000000000005,0.0,136.79999999999995,26.77142857142857,15.257142857142858
86,0.11002004010957672,0.46736642986306076,1.8527465148745876,0.5478159537846563,1.1661736921585468,3.5915083561378554,23.375,5.084795281239799,4.72609713968213,0.03248878827505467,0.48339585234698484,0.4077392371887524,0.4608857657080398,0.5176963796791818,2.766520526689313,0.25093607430069026,20.92083333333333,104.60000000000004,0.0,130.59999999999997,26.671428571428574,15.328571428571427
87,0.11002004010957672,1.345699806798395,2.27006651009484,0.5478159537846563,1.1661736921585468,3.5915083561378554,23.375,5.084795281239799,4.72609713968213,0.03248878827505467,0.48339585234698484,0.4077392371887524,0.4608857657080398,0.5176963796791818,2.766520526689313,0.25093607430069026,20.929761904761904,105.80000000000004,0.0,132.39999999999998,26.685714285714287,15.271428571428572
88,0.11002004010957672,1.345699806798395,1.8527465148745876,0.7185467987061323,1.1661736921585468,3.5915083561378554,23.375,5.084795281239799,4.72609713968213,0.03248878827505467,0.48339585234698484,0.4077392371887524,0.4608857657080398,0.5176963796791818,2.766520526689313,0.25093607430069026,20.925595238095237,106.80000000000004,0.0,132.79999999999995,26.685714285714287,15.271428571428572
89,0.11002004010957672,1.345699806798395,1.8527465148745876,0.5478159537846563,0.7914666066739536,3.5915083561378554,23.375,5.084795281239799,4.72609713968213,0.03248878827505467,0.48339585234698484,0.4077392371887524,0.4608857657080398,0.5176963796791818,2.766520526689313,0.25093607430069026,20.91785714285714,107.50000000000004,0.0,132.49999999999997,26.685714285714287,15.271428571428572
90,0.11002004010957672,1.345699806798395,1.8527465148745876,0.5478159537846563,1.1661736921585468,3.790041503024262,23.375,5.084795281239799,4.72609713968213,0.03248878827505467,0.48339585234698484,0.4077392371887524,0.4608857657080398,0.5176963796791818,2.766520526689313,0.25093607430069026,20.92142857142857,106.80000000000004,0.0,132.29999999999995,26.685714285714287,15.271428571428572
91,0.11002004010957672,1.345699806798395,1.8527465148745876,0.5478159537846563,1.1661736921585468,3.5915083561378554,23.125,5.084795281239799,4.72609713968213,0.03248878827505467,0.48339585234698484,0.4077392371887524,0.4608857657080398,0.5176963796791818,2.766520526689313,0.25093607430069026,20.91547619047619,107.20000000000005,0.0,132.79999999999995,26.685714285714287,15.271428571428572
92,0.11002004010957672,1.345699806798395,1.8527465148745876,0.5478159537846563,1.1661736921585468,3.5915083561378554,23.375,3.967354769294302,4.72609713968213,0.03248878827505467,0.48339585234698484,0.4077392371887524,0.4608857657080398,0.5176963796791818,2.766520526689313,0.25093607430069026,20.9125,107.00000000000003,0.0,131.89999999999998,26.671428571428574,15.271428571428572
93,0.11002004010957672,1.345699806798395,1.8527465148745876,0.5478159537846563,1.1661736921585468,3.5915083561378554,23.375,5.084795281239799,4.643235508147334,0.03248878827505467,0.48339585234698484,0.4077392371887524,0.4608857657080398,0.5176963796791818,2.766520526689313,0.25093607430069026,20.923809523809524,106.80000000000004,0.0,132.39999999999998,26.685714285714287,15.271428571428572
94,0.11002004010957672,1.345699806798395,1.8527465148745876,0.5478159537846563,1.1661736921585468,3.5915083561378554,23.375,5.084795281239799,4.72609713968213,0.03248878827505467,0.48339585234698484,0.4077392371887524,0.4608857657080398,0.5176963796791818,2.766520526689313,0.25093607430069026,20.92202380952381,106.80000000000004,0.0,132.39999999999998,26.685714285714287,15.271428571428572
95,0.11002004010957672,1.345699806798395,1.8527465148745876,0.5478159537846563,1.1661736921585468,3.5915083561378554,23.375,5.084795281239799,4.72609713968213,0.03248878827505467,0.5706993118474708,0.4077392371887524,0.4608857657080398,0.5176963796791818,2.766520526689313,0.25093607430069026,20.919642857142858,106.00000000000004,0.0,132.39999999999998,26.671428571428574,15.271428571428572
96,0.11002004010957672,1.345699806798395,1.8527465148745876,0.5478159537846563,1.1661736921585468,3.5915083561378554,23.375,5.084795281239799,4.72609713968213,0.03248878827505467,0.48339585234698484,0.5281575045725208,0.4608857657080398,0.5176963796791818,2.766520526689313,0.25093607430069026,20.913690476190474,107.40000000000005,0.0,132.7,26.685714285714287,15.271428571428572
97,0.11002004010957672,1.345699806798395,1.8527465148745876,0.5478159537846563,1.1661736921585468,3.5915083561378554,23.375,5.084795281239799,4.72609713968213,0.03248878827505467,0.48339585234698484,0.4077392371887524,0.7122419615146366,0.5176963796791818,2.766520526689313,0.25093607430069026,20.90059523809524,107.80000000000004,0.0,131.69999999999996,26.671428571428574,15.271428571428572
98,0.11002004010957672,1.345699806798395,1.8527465148745876,0.5478159537846563,1.1661736921585468,3.5915083561378554,23.375,5.084795281239799,4.72609713968213,0.03248878827505467,0.48339585234698484,0.4077392371887524,0.4608857657080398,0.7122419615146366,2.766520526689313,0.25093607430069026,20.91845238095238,107.00000000000003,0.0,132.59999999999997,26.685714285714287,15.271428571428572
99,0.11002004010957672,1.345699806798395,1.8527465148745876,0.5478159537846563,1.1661736921585468,3.5915083561378554,23.375,5.084795281239799,4.72609713968213,0.03248878827505467,0.48339585234698484,0.4077392371887524,0.4608857657080398,0.5176963796791818,2.9116655939057043,0.25093607430069026,20.916666666666668,107.00000000000003,0.0,132.2,26.685714285714287,15.271428571428572
100,0.11002004010957672,1.345699806798395,1.8527465148745876,0.5478159537846563,1.1661736921585468,3.5915083561378554,23.375,5.084795281239799,4.72609713968213,0.03248878827505467,0.48339585234698484,0.4077392371887524,0.4608857657080398,0.5176963796791818,2.766520526689313,0.3535546094895475,20.917261904761908,106.80000000000004,0.0,132.2,26.685714285714287,15.271428571428572
101,0.11002004010957672,1.345699806798395,1.8527465148745876,0.5478159537846563,1.1661736921585468,3.5915083561378554,23.375,5.084795281239799,4.72609713968213,0.03248878827505467,0.48339585234698484,0.4077392371887524,0.4608857657080398,0.5176963796791818,2.766520526689313,0.25093607430069026,20.92202380952381,106.80000000000004,0.0,132.39999999999998,26.685714285714287,15.271428571428572
102,0.19732561906059948,1.042734135680858,2.9250094584648525,0.5752676307810557,0.3838263078414532,4.942262337917223,21.125,4.713857012477818,4.073902860317871,0.02559919465567347,0.47184249542747925,0.42930068815252925,0.4323036203208182,0.4323036203208182,2.7318022417812915,0.6631591297910842,20.944642857142856,105.50000000000004,0.0,133.39999999999998,26.7,15.285714285714286
103,0.239157000967394,1.042734135680858,2.9250094584648525,0.5752676307810557,0.3838263078414532,4.942262337917223,21.125,4.713857012477818,4.073902860317871,0.02559919465567347,0.47184249542747925,0.42930068815252925,0.4323036203208182,0.4323036203208182,2.7318022417812915,0.6631591297910842,20.942261904761907,106.50000000000003,0.0,133.89999999999998,26.714285714285715,15.271428571428572
104,0.19732561906059948,0.5832542748941282,2.9250094584648525,0.5752676307810557,0.3838263078414532,4.942262337917223,21.125,4.713857012477818,4.073902860317871,0.02559919465567347,0.47184249542747925,0.42930068815252925,0.4323036203208182,0.4323036203208182,2.7318022417812915,0.6631591297910842,20.93809523809524,104.80000000000004,0.0,132.49999999999997,26.671428571428574,15.3
105,0.19732561906059948,1.042734135680858,2.6635587942316516,0.5752676307810557,0.3838263078414532,4.942262337917223,21.125,4.713857012477818,4.073902860317871,0.02559919465567347,0.47184249542747925,0.42930068815252925,0.4323036203208182,0.4323036203208182,2.7318022417812915,0.6631591297910842,20.944642857142856,105.50000000000004,0.0,133.39999999999998,26.7,15.285714285714286
106,0.19732561906059948,1.042734135680858,2.9250094584648525,0.6649977058672975,0.3838263078414532,4.942262337917223,21.125,4.713857012477818,4.073902860317871,0.02559919465567347,0.47184249542747925,0.42930068815252925,0.4323036203208182,0.4323036203208182,2.7318022417812915,0.6631591297910842,20.944642857142856,105.50000000000004,0.0,133.39999999999998,26.7,15.285714285714286
107,0.19732561906059948,1.042734135680858,2.9250094584648525,0.5752676307810557,0.7585333933260464,4.942262337917223,21.125,4.713857012477818,4.073902860317871,0.02559919465567347,0.47184249542747925,0.42930068815252925,0.4323036203208182,0.4323036203208182,2.7318022417812915,0.6631591297910842,20.946428571428573,105.80000000000004,0.0,133.49999999999997,26.7,15.285714285714286
108,0.19732561906059948,1.042734135680858,2.9250094584648525,0.5752676307810557,0.3838263078414532,4.791912555523467,21.125,4.713857012477818,4.073902860317871,0.02559919465567347,0.47184249542747925,0.42930068815252925,0.4323036203208182,0.4323036203208182,2.7318022417812915,0.6631591297910842,20.948214285714286,105.50000000000004,0.0,133.39999999999998,26.7,15.285714285714286
109,0.19732561906059948,1.042734135680858,2.9250094584648525,0.5752676307810557,0.3838263078414532,4.942262337917223,21.375,4.713857012477818,4.073902860317871,0.02559919465567347,0.47184249542747925,0.42930068815252925,0.4323036203208182,0.4323036203208182,2.7318022417812915,0.6631591297910842,20.93452380952381,106.90000000000005,0.0,133.29999999999995,26.685714285714287,15.285714285714286
110,0.19732561906059948,1.042734135680858,2.9250094584648525,0.5752676307810557,0.3838263078414532,4.942262337917223,21.125,4.406919968645571,4.073902860317871,0.02559919465567347,0.47184249542747925,0.42930068815252925,0.4323036203208182,0.4323036203208182,2.7318022417812915,0.6631591297910842,20.941666666666666,105.80000000000004,0.0,133.39999999999998,26.7,15.285714285714286
111,0.19732561906059948,1.042734135680858,2.9250094584648525,0.5752676307810557,0.3838263078414532,4.942262337917223,21.125,4.713857012477818,4.156764491852667,0.02559919465567347,0.47184249542747925,0.42930068815252925,0.4323036203208182,0.4323036203208182,2.7318022417812915,0.6631591297910842,20.948214285714286,105.50000000000004,0.0,133.39999999999998,26.7,15.285714285714286
112,0.19732561906059948,1.042734135680858,2.9250094584648525,0.5752676307810557,0.3838263078414532,4.942262337917223,21.125,4.713857012477818,4.073902860317871,0.02559919465567347,0.47184249542747925,0.42930068815252925,0.4323036203208182,0.4323036203208182,2.7318022417812915,0.6631591297910842,20.944642857142856,105.50000000000004,0.0,133.39999999999998,26.7,15.285714285714286
113,0.19732561906059948,1.042734135680858,2.9250094584648525,0.5752676307810557,0.3838263078414532,4.942262337917223,21.125,4.713857012477818,4.073902860317871,0.02559919465567347,0.5922607628112476,0.42930068815252925,0.4323036203208182,0.4323036203208182,2.7318022417812915,0.6631591297910842,20.927380952380954,107.20000000000003,0.0,133.29999999999998,26.7,15.285714285714286
114,0.19732561906059948,1.042734135680858,2.9250094584648525,0.5752676307810557,0.3838263078414532,4.942262337917223,21.125,4.713857012477818,4.073902860317871,0.02559919465567347,0.47184249542747925,0.5166041476530151,0.4323036203208182,0.4323036203208182,2.7318022417812915,0.6631591297910842,20.92797619047619,107.20000000000005,0.0,133.39999999999998,26.7,15.285714285714286
115,0.19732561906059948,1.042734135680858,2.9250094584648525,0.5752676307810557,0.3838263078414532,4.942262337917223,21.125,4.713857012477818,4.073902860317871,0.02559919465567347,0.47184249542747925,0.42930068815252925,0.8102917361358972,0.4323036203208182,2.7318022417812915,0.6631591297910842,20.923809523809524,106.60000000000004,0.0,132.89999999999998,26.685714285714287,15.285714285714286
116,0.19732561906059948,1.042734135680858,2.9250094584648525,0.5752676307810557,0.3838263078414532,4.942262337917223,21.125,4.713857012477818,4.073902860317871,0.02559919465567347,0.47184249542747925,0.42930068815252925,0.4323036203208182,0.23775803848536334,2.7318022417812915,0.6631591297910842,20.948214285714286,105.90000000000005,0.0,133.39999999999998,26.7,15.285714285714286
117,0.19732561906059948,1.042734135680858,2.9250094584648525,0.5752676307810557,0.3838263078414532,4.942262337917223,21.125,4.713857012477818,4.073902860317871,0.02559919465567347,0.47184249542747925,0.42930068815252925,0.4323036203208182,0.4323036203208182,2.931435552431568,0.6631591297910842,20.935714285714283,106.90000000000005,0.0,133.29999999999995,26.685714285714287,15.285714285714286
118,0.19732561906059948,1.042734135680858,2.9250094584648525,0.5752676307810557,0.3838263078414532,4.942262337917223,21.125,4.713857012477818,4.073902860317871,0.02559919465567347,0.47184249542747925,0.42930068815252925,0.4323036203208182,0.4323036203208182,2.7318022417812915,0.516366640985939,20.935714285714283,106.70000000000003,0.0,133.39999999999998,26.7,15.285714285714286
119,0.19732561906059948,0.5832542748941282,2.6635587942316516,0.6649977058672975,0.7585333933260464,4.791912555523467,21.375,4.406919968645571,4.156764491852667,0.02559919465567347,0.5922607628112476,0.5166041476530151,0.8102917361358972,0.23775803848536334,2.931435552431568,0.516366640985939,20.90297619047619,108.00000000000004,0.0,131.99999999999997,26.671428571428574,15.3
120,0.239157000967394,1.042734135680858,2.6635587942316516,0.6649977058672975,0.7585333933260464,4.791912555523467,21.375,4.406919968645571,4.156764491852667,0.02559919465567347,0.5922607628112476,0.5166041476530151,0.8102917361358972,0.23775803848536334,2.931435552431568,0.516366640985939,20.91904761904762,107.90000000000005,0.0,133.59999999999997,26.714285714285715,15.271428571428572
121,0.239157000967394,0.5832542748941282,2.9250094584648525,0.6649977058672975,0.7585333933260464,4.791912555523467,21.375,4.406919968645571,4.156764491852667,0.02559919465567347,0.5922607628112476,0.5166041476530151,0.8102917361358972,0.23775803848536334,2.931435552431568,0.516366640985939,20.910119047619048,107.50000000000004,0.0,132.59999999999997,26.7,15.285714285714286
122,0.239157000967394,0.5832542748941282,2.6635587942316516,0.5752676307810557,0.7585333933260464,4.791912555523467,21.375,4.406919968645571,4.156764491852667,0.02559919465567347,0.5922607628112476,0.5166041476530151,0.8102917361358972,0.23775803848536334,2.931435552431568,0.516366640985939,20.9125,107.00000000000004,0.0,132.49999999999997,26.7,15.285714285714286
123,0.239157000967394,0.5832542748941282,2.6635587942316516,0.6649977058672975,0.3838263078414532,4.791912555523467,21.375,4.406919968645571,4.156764491852667,0.02559919465567347,0.5922607628112476,0.5166041476530151,0.8102917361358972,0.23775803848536334,2.931435552431568,0.516366640985939,20.91547619047619,107.00000000000004,0.0,132.49999999999997,26.7,15.285714285714286
124,0.239157000967394,0.5832542748941282,2.6635587942316516,0.6649977058672975,0.7585333933260464,4.942262337917223,21.375,4.406919968645571,4.156764491852667,0.02559919465567347,0.5922607628112476,0.5166041476530151,0.8102917361358972,0.23775803848536334,2.931435552431568,0.516366640985939,20.913095238095238,107.00000000000004,0.0,132.59999999999997,26.7,15.285714285714286
125,0.239157000967394,0.5832542748941282,2.6635587942316516,0.6649977058672975,0.7585333933260464,4.791912555523467,21.125,4.406919968645571,4.156764491852667,0.02559919465567347,0.5922607628112476,0.5166041476530151,0.8102917361358972,0.23775803848536334,2.931435552431568,0.516366640985939,20.91547619047619,106.90000000000005,0.0,132.89999999999998,26.714285714285715,15.285714285714286
126,0.239157000967394,0.5832542748941282,2.6635587942316516,0.6649977058672975,0.7585333933260464,4.791912555523467,21.375,4.713857012477818,4.156764491852667,0.02559919465567347,0.5922607628112476,0.5166041476530151,0.8102917361358972,0.23775803848536334,2.931435552431568,0.516366640985939,20.913095238095238,107.00000000000004,0.0,132.7,26.7,15.285714285714286
127,0.239157000967394,0.5832542748941282,2.6635587942316516,0.6649977058672975,0.7585333933260464,4.791912555523467,21.375,4.406919968645571,4.073902860317871,0.02559919465567347,0.5922607628112476,0.5166041476530151,0.8102917361358972,0.23775803848536334,2.931435552431568,0.516366640985939,20.910119047619048,107.50000000000004,0.0,132.59999999999997,26.7,15.285714285714286
128,0.239157000967394,0.5832542748941282,2.6635587942316516,0.6649977058672975,0.7585333933260464,4.791912555523467,21.375,4.406919968645571,4.156764491852667,0.02559919465567347,0.5922607628112476,0.5166041476530151,0.8102917361358972,0.23775803848536334,2.931435552431568,0.516366640985939,20.913690476190474,107.00000000000004,0.0,132.59999999999997,26.7,15.285714285714286
129,0.239157000967394,0.5832542748941282,2.6635587942316516,0.6649977058672975,0.7585333933260464,4.791912555523467,21.375,4.406919968645571,4.156764491852667,0.02559919465567347,0.47184249542747925,0.5166041476530151,0.8102917361358972,0.23775803848536334,2.931435552431568,0.516366640985939,20.914285714285718,106.80000000000004,0.0,132.29999999999995,26.685714285714287,15.285714285714286
130,0.239157000967394,0.5832542748941282,2.6635587942316516,0.6649977058672975,0.7585333933260464,4.791912555523467,21.375,4.406919968645571,4.156764491852667,0.02559919465567347,0.5922607628112476,0.42930068815252925,0.8102917361358972,0.23775803848536334,2.931435552431568,0.516366640985939,20.910119047619048,108.20000000000005,0.0,132.7,26.7,15.285714285714286
131,0.239157000967394,0.5832542748941282,2.6635587942316516,0.6649977058672975,0.7585333933260464,4.791912555523467,21.375,4.406919968645571,4.156764491852667,0.02559919465567347,0.5922607628112476,0.5166041476530151,0.4323036203208182,0.23775803848536334,2.931435552431568,0.516366640985939,20.93095238095238,106.20000000000005,0.0,133.49999999999994,26.714285714285715,15.3
132,0.239157000967394,0.5832542748941282,2.6635587942316516,0.6649977058672975,0.7585333933260464,4.791912555523467,21.375,4.406919968645571,4.156764491852667,0.02559919465567347,0.5922607628112476,0.5166041476530151,0.8102917361358972,0.4323036203208182,2.931435552431568,0.516366640985939,20.910714285714285,107.10000000000004,0.0,132.79999999999995,26.714285714285715,15.285714285714286
133,0.239157000967394,0.5832542748941282,2.6635587942316516,0.6649977058672975,0.7585333933260464,4.791912555523467,21.375,4.406919968645571,4.156764491852667,0.02559919465567347,0.5922607628112476,0.5166041476530151,0.8102917361358972,0.23775803848536334,2.7318022417812915,0.516366640985939,20.91547619047619,107.30000000000005,0.0,132.89999999999998,26.714285714285715,15.285714285714286
134,0.239157000967394,0.5832542748941282,2.6635587942316516,0.6649977058672975,0.7585333933260464,4.791912555523467,21.375,4.406919968645571,4.156764491852667,0.02559919465567347,0.5922607628112476,0.5166041476530151,0.8102917361358972,0.23775803848536334,2.931435552431568,0.6631591297910842,20.90714285714286,108.40000000000005,0.0,132.59999999999997,26.7,15.285714285714286
135,0.239157000967394,0.5832542748941282,2.6635587942316516,0.6649977058672975,0.7585333933260464,4.791912555523467,21.375,4.406919968645571,4.156764491852667,0.02559919465567347,0.5922607628112476,0.5166041476530151,0.8102917361358972,0.23775803848536334,2.931435552431568,0.516366640985939,20.913690476190474,107.00000000000004,0.0,132.59999999999997,26.7,15.285714285714286
